,Наименование,Марка стали,Длина,"Цена за 1т, руб. с НДС","Цена за 1т, руб. с НДС.1",Поставщик,Поставщик.1,Город,Размер,Подраздел,Раздел
0,Балка б/у 10,,4-6,56 000,,ЕМГ-Групп Мск (495) 775-74-61,,Москва,10,Балка б/у,Металлопрокат
1,Балка б/у 10,,6-12,56 000,,ЕМГ-Групп Мск (495) 775-74-61,,Москва,10,Балка б/у,Металлопрокат
2,Балка б/у 10,,5-12,58 000,,Компания ТрубоТорг Мск (495) 223-44-51 доб.,,Москва,10,Балка б/у,Металлопрокат
0,Балка б/у 10Б1,,4-6,56 000,,ЕМГ-Групп Мск (495) 775-74-61,,Москва,10Б1,Балка б/у,Металлопрокат
1,Балка б/у 10Б1,,6-12,56 000,,ЕМГ-Групп Мск (495) 775-74-61,,Москва,10Б1,Балка б/у,Металлопрокат
2,Балка б/у 10Б1,,5,58 000,,Компания ТрубоТорг Мск (495) 223-44-51 доб.,,Москва,10Б1,Балка б/у,Металлопрокат
0,Балка б/у 10Б2,,4-6,56 000,,ЕМГ-Групп Мск (495) 775-74-61,,Москва,10Б2,Балка б/у,Металлопрокат
1,Балка б/у 10Б2,,6-12,56 000,,ЕМГ-Групп Мск (495) 775-74-61,,Москва,10Б2,Балка б/у,Металлопрокат
2,Балка б/у 10Б2,,5,58 000,,Компания ТрубоТорг Мск (495) 223-44-51 доб.,,Москва,10Б2,Балка б/у,Металлопрокат
0,Балка б/у 12,,4-6,56 000,,ЕМГ-Групп Мск (495) 775-74-61,,Москва,12,Балка б/у,Металлопрокат
1,Балка б/у 12,,6-12,56 000,,ЕМГ-Групп Мск (495) 775-74-61,,Москва,12,Балка б/у,Металлопрокат
0,Балка б/у 12Б1,,5,58 000,,Компания ТрубоТорг Мск (495) 223-44-51 доб.,,Москва,12Б1,Балка б/у,Металлопрокат
0,Балка б/у 12Б2,,5,58 000,,Компания ТрубоТорг Мск (495) 223-44-51 доб.,,Москва,12Б2,Балка б/у,Металлопрокат
0,Балка б/у 14,,4-6,56 000,,ЕМГ-Групп Мск (495) 775-74-61,,Москва,14,Балка б/у,Металлопрокат
1,Балка б/у 14,,6-12,56 000,,ЕМГ-Групп Мск (495) 775-74-61,,Москва,14,Балка б/у,Металлопрокат
2,Балка б/у 14,,,75 500,,Атон Сталь Мск (495) 20-30-400,,Москва,14,Балка б/у,Металлопрокат
0,Балка б/у 14Б1,,,55 000,,ТПО СТАЛЬРЕЗЕРВ Мск (495) 374-77-17,,Москва,14Б1,Балка б/у,Металлопрокат
1,Балка б/у 14Б1,,4-6,56 000,,ЕМГ-Групп Мск (495) 775-74-61,,Москва,14Б1,Балка б/у,Металлопрокат
2,Балка б/у 14Б1,,6-12,56 000,,ЕМГ-Групп Мск (495) 775-74-61,,Москва,14Б1,Балка б/у,Металлопрокат
3,Балка б/у 14Б1,,5,58 000,,Компания ТрубоТорг Мск (495) 223-44-51 доб.,,Москва,14Б1,Балка б/у,Металлопрокат
4,Балка б/у 14Б1,,,76 000,,Атон Сталь Мск (495) 20-30-400,,Москва,14Б1,Балка б/у,Металлопрокат
0,Балка б/у 14Б2,,4-6,56 000,,ЕМГ-Групп Мск (495) 775-74-61,,Москва,14Б2,Балка б/у,Металлопрокат
1,Балка б/у 14Б2,,6-12,56 000,,ЕМГ-Групп Мск (495) 775-74-61,,Москва,14Б2,Балка б/у,Металлопрокат
2,Балка б/у 14Б2,,5,58 000,,Компания ТрубоТорг Мск (495) 223-44-51 доб.,,Москва,14Б2,Балка б/у,Металлопрокат
3,Балка б/у 14Б2,,,74 500,,Атон Сталь Мск (495) 20-30-400,,Москва,14Б2,Балка б/у,Металлопрокат
0,Балка б/у 16,,,55 000,,ТПО СТАЛЬРЕЗЕРВ Мск (495) 374-77-17,,Москва,16,Балка б/у,Металлопрокат
1,Балка б/у 16,ст3,,55 000,,ТД НСК-Металл Мск (499) 322-12-21,,Москва,16,Балка б/у,Металлопрокат
2,Балка б/у 16,,4-6,56 000,,ЕМГ-Групп Мск (495) 775-74-61,,Москва,16,Балка б/у,Металлопрокат
3,Балка б/у 16,,6-12,56 000,,ЕМГ-Групп Мск (495) 775-74-61,,Москва,16,Балка б/у,Металлопрокат
4,Балка б/у 16,,,63 000,,ТУБУС Мск (495) 188-43-21,,Москва,16,Балка б/у,Металлопрокат
5,Балка б/у 16,,,64 000,,ПСК ТРАСТ-М Мск (499) 288-00-68,,Москва,16,Балка б/у,Металлопрокат
6,Балка б/у 16,09Г2С,,75 000,,ТД НСК-Металл Мск (499) 322-12-21,,Москва,16,Балка б/у,Металлопрокат
0,Балка б/у 16Б1,,,55 000,,ТПО СТАЛЬРЕЗЕРВ Мск (495) 374-77-17,,Москва,16Б1,Балка б/у,Металлопрокат
1,Балка б/у 16Б1,,4-6,56 000,,ЕМГ-Групп Мск (495) 775-74-61,,Москва,16Б1,Балка б/у,Металлопрокат
2,Балка б/у 16Б1,,6-12,56 000,,ЕМГ-Групп Мск (495) 775-74-61,,Москва,16Б1,Балка б/у,Металлопрокат
3,Балка б/у 16Б1,,5,58 000,,Компания ТрубоТорг Мск (495) 223-44-51 доб.,,Москва,16Б1,Балка б/у,Металлопрокат
4,Балка б/у 16Б1,,,звоните,,СтройГруппКомпани Мск (495) 055-55-03,,Москва,16Б1,Балка б/у,Металлопрокат
5,Балка б/у 16Б1,,,звоните,,СтройГруппКомпани Мск (495) 055-55-03,,Москва,16Б1,Балка б/у,Металлопрокат
0,Балка б/у 16Б2,,4-6,56 000,,ЕМГ-Групп Мск (495) 775-74-61,,Москва,16Б2,Балка б/у,Металлопрокат
1,Балка б/у 16Б2,,6-12,56 000,,ЕМГ-Групп Мск (495) 775-74-61,,Москва,16Б2,Балка б/у,Металлопрокат
2,Балка б/у 16Б2,,5,58 000,,Компания ТрубоТорг Мск (495) 223-44-51 доб.,,Москва,16Б2,Балка б/у,Металлопрокат
0,Балка б/у 16К1,,4-6,56 000,,ЕМГ-Групп Мск (495) 775-74-61,,Москва,16К1,Балка б/у,Металлопрокат
1,Балка б/у 16К1,,6-12,56 000,,ЕМГ-Групп Мск (495) 775-74-61,,Москва,16К1,Балка б/у,Металлопрокат
2,Балка б/у 16К1,,,58 500,,Атон Сталь Мск (495) 20-30-400,,Москва,16К1,Балка б/у,Металлопрокат
0,Балка б/у 18,,,55 000,,ТПО СТАЛЬРЕЗЕРВ Мск (495) 374-77-17,,Москва,18,Балка б/у,Металлопрокат
1,Балка б/у 18,ст3,,55 000,,ТД НСК-Металл Мск (499) 322-12-21,,Москва,18,Балка б/у,Металлопрокат
2,Балка б/у 18,,4-6,56 000,,ЕМГ-Групп Мск (495) 775-74-61,,Москва,18,Балка б/у,Металлопрокат
3,Балка б/у 18,,6-12,56 000,,ЕМГ-Групп Мск (495) 775-74-61,,Москва,18,Балка б/у,Металлопрокат
4,Балка б/у 18,,,63 000,,ТУБУС Мск (495) 188-43-21,,Москва,18,Балка б/у,Металлопрокат
5,Балка б/у 18,,6,73 500,,АВМ Инжиниринг Мск (495) 128-18-34,,Москва,18,Балка б/у,Металлопрокат
6,Балка б/у 18,,,75 000,,Атон Сталь Мск (495) 20-30-400,,Москва,18,Балка б/у,Металлопрокат
7,Балка б/у 18,09Г2С,,75 000,,ТД НСК-Металл Мск (499) 322-12-21,,Москва,18,Балка б/у,Металлопрокат
8,Балка б/у 18,,,звоните,,СтройГруппКомпани Мск (495) 055-55-03,,Москва,18,Балка б/у,Металлопрокат
9,Балка б/у 18,,,звоните,,СтройГруппКомпани Мск (495) 055-55-03,,Москва,18,Балка б/у,Металлопрокат
0,Балка б/у 18Б1,,,55 000,,ТПО СТАЛЬРЕЗЕРВ Мск (495) 374-77-17,,Москва,18Б1,Балка б/у,Металлопрокат
1,Балка б/у 18Б1,ст3,,55 000,,ТД НСК-Металл Мск (499) 322-12-21,,Москва,18Б1,Балка б/у,Металлопрокат
2,Балка б/у 18Б1,,4-6,56 000,,ЕМГ-Групп Мск (495) 775-74-61,,Москва,18Б1,Балка б/у,Металлопрокат
3,Балка б/у 18Б1,,6-12,56 000,,ЕМГ-Групп Мск (495) 775-74-61,,Москва,18Б1,Балка б/у,Металлопрокат
4,Балка б/у 18Б1,,5,58 000,,Компания ТрубоТорг Мск (495) 223-44-51 доб.,,Москва,18Б1,Балка б/у,Металлопрокат
5,Балка б/у 18Б1,,,64 000,,ПСК ТРАСТ-М Мск (499) 288-00-68,,Москва,18Б1,Балка б/у,Металлопрокат
6,Балка б/у 18Б1,ст3,6-12,70 000,,Риан Групп Мск (926) 602-83-59 доб.,,Москва,18Б1,Балка б/у,Металлопрокат
7,Балка б/у 18Б1,,,74 550,,Атон Сталь Мск (495) 20-30-400,,Москва,18Б1,Балка б/у,Металлопрокат
8,Балка б/у 18Б1,09Г2С,,75 000,,ТД НСК-Металл Мск (499) 322-12-21,,Москва,18Б1,Балка б/у,Металлопрокат
0,Балка б/у 18Б2,,4-6,56 000,,ЕМГ-Групп Мск (495) 775-74-61,,Москва,18Б2,Балка б/у,Металлопрокат
1,Балка б/у 18Б2,,6-12,56 000,,ЕМГ-Групп Мск (495) 775-74-61,,Москва,18Б2,Балка б/у,Металлопрокат
2,Балка б/у 18Б2,,5,58 000,,Компания ТрубоТорг Мск (495) 223-44-51 доб.,,Москва,18Б2,Балка б/у,Металлопрокат
3,Балка б/у 18Б2,,,70 000,,Атон Сталь Мск (495) 20-30-400,,Москва,18Б2,Балка б/у,Металлопрокат
4,Балка б/у 18Б2,ст3,6-12,70 000,,Риан Групп Мск (926) 602-83-59 доб.,,Москва,18Б2,Балка б/у,Металлопрокат
0,Балка б/у 20,,,52 000,,ПКФ Сириус Мск (926) 745-05-80 доб.,,Москва,20,Балка б/у,Металлопрокат
1,Балка б/у 20,,,54 500,,ПСК ТРАСТ-М Мск (499) 288-00-68,,Москва,20,Балка б/у,Металлопрокат
2,Балка б/у 20,,,55 000,,ТПО СТАЛЬРЕЗЕРВ Мск (495) 374-77-17,,Москва,20,Балка б/у,Металлопрокат
3,Балка б/у 20,,4-6,57 000,,ЕМГ-Групп Мск (495) 775-74-61,,Москва,20,Балка б/у,Металлопрокат
4,Балка б/у 20,,6-12,57 000,,ЕМГ-Групп Мск (495) 775-74-61,,Москва,20,Балка б/у,Металлопрокат
5,Балка б/у 20,09Г2С,,57 000,,ТД НСК-Металл Мск (499) 322-12-21,,Москва,20,Балка б/у,Металлопрокат
6,Балка б/у 20,ст3,,57 000,,ТД НСК-Металл Мск (499) 322-12-21,,Москва,20,Балка б/у,Металлопрокат
7,Балка б/у 20,,,59 000,,Атон Сталь Мск (495) 20-30-400,,Москва,20,Балка б/у,Металлопрокат
8,Балка б/у 20,,,63 000,,ТУБУС Мск (495) 188-43-21,,Москва,20,Балка б/у,Металлопрокат
9,Балка б/у 20,,6,73 500,,АВМ Инжиниринг Мск (495) 128-18-34,,Москва,20,Балка б/у,Металлопрокат
10,Балка б/у 20,,н/д,звоните,,СтройГеоРесурс Мск (495) 777-36-46,,Москва,20,Балка б/у,Металлопрокат
0,Балка б/у 20Б1,,,54 500,,ПСК ТРАСТ-М Мск (499) 288-00-68,,Москва,20Б1,Балка б/у,Металлопрокат
1,Балка б/у 20Б1,,,55 000,,ТПО СТАЛЬРЕЗЕРВ Мск (495) 374-77-17,,Москва,20Б1,Балка б/у,Металлопрокат
2,Балка б/у 20Б1,,4-6,57 000,,ЕМГ-Групп Мск (495) 775-74-61,,Москва,20Б1,Балка б/у,Металлопрокат
3,Балка б/у 20Б1,,6-12,57 000,,ЕМГ-Групп Мск (495) 775-74-61,,Москва,20Б1,Балка б/у,Металлопрокат
4,Балка б/у 20Б1,09Г2С,,57 000,,ТД НСК-Металл Мск (499) 322-12-21,,Москва,20Б1,Балка б/у,Металлопрокат
5,Балка б/у 20Б1,ст3,,57 000,,ТД НСК-Металл Мск (499) 322-12-21,,Москва,20Б1,Балка б/у,Металлопрокат
6,Балка б/у 20Б1,ст3,9-12,57 000,,Риан Групп Мск (926) 602-83-59 доб.,,Москва,20Б1,Балка б/у,Металлопрокат
7,Балка б/у 20Б1,,5,58 000,,Компания ТрубоТорг Мск (495) 223-44-51 доб.,,Москва,20Б1,Балка б/у,Металлопрокат
8,Балка б/у 20Б1,,,59 500,,Атон Сталь Мск (495) 20-30-400,,Москва,20Б1,Балка б/у,Металлопрокат
9,Балка б/у 20Б1,,,66 000,,ТУБУС Мск (495) 188-43-21,,Москва,20Б1,Балка б/у,Металлопрокат
0,Балка б/у 20Б2,ст3,9-12,57 000,,Риан Групп Мск (926) 602-83-59 доб.,,Москва,20Б2,Балка б/у,Металлопрокат
1,Балка б/у 20Б2,,5,58 000,,Компания ТрубоТорг Мск (495) 223-44-51 доб.,,Москва,20Б2,Балка б/у,Металлопрокат
0,Балка б/у 20К1,,,55 000,,ТПО СТАЛЬРЕЗЕРВ Мск (495) 374-77-17,,Москва,20К1,Балка б/у,Металлопрокат
1,Балка б/у 20К1,,4-6,57 000,,ЕМГ-Групп Мск (495) 775-74-61,,Москва,20К1,Балка б/у,Металлопрокат
2,Балка б/у 20К1,,6-12,57 000,,ЕМГ-Групп Мск (495) 775-74-61,,Москва,20К1,Балка б/у,Металлопрокат
3,Балка б/у 20К1,09Г2С,,57 000,,ТД НСК-Металл Мск (499) 322-12-21,,Москва,20К1,Балка б/у,Металлопрокат
4,Балка б/у 20К1,ст3,,57 000,,ТД НСК-Металл Мск (499) 322-12-21,,Москва,20К1,Балка б/у,Металлопрокат
5,Балка б/у 20К1,,н/д,59 000,,Атон Сталь Мск (495) 20-30-400,,Москва,20К1,Балка б/у,Металлопрокат
6,Балка б/у 20К1,,8,73 500,,АВМ Инжиниринг Мск (495) 128-18-34,,Москва,20К1,Балка б/у,Металлопрокат
0,Балка б/у 20К2,,4-6,57 000,,ЕМГ-Групп Мск (495) 775-74-61,,Москва,20К2,Балка б/у,Металлопрокат
1,Балка б/у 20К2,,6-12,57 000,,ЕМГ-Групп Мск (495) 775-74-61,,Москва,20К2,Балка б/у,Металлопрокат
2,Балка б/у 20К2,09Г2С,,57 000,,ТД НСК-Металл Мск (499) 322-12-21,,Москва,20К2,Балка б/у,Металлопрокат
3,Балка б/у 20К2,ст3,,57 000,,ТД НСК-Металл Мск (499) 322-12-21,,Москва,20К2,Балка б/у,Металлопрокат
0,Балка б/у 20Ш1,,,55 000,,ТПО СТАЛЬРЕЗЕРВ Мск (495) 374-77-17,,Москва,20Ш1,Балка б/у,Металлопрокат
1,Балка б/у 20Ш1,,4-6,57 000,,ЕМГ-Групп Мск (495) 775-74-61,,Москва,20Ш1,Балка б/у,Металлопрокат
2,Балка б/у 20Ш1,,6-12,57 000,,ЕМГ-Групп Мск (495) 775-74-61,,Москва,20Ш1,Балка б/у,Металлопрокат
3,Балка б/у 20Ш1,09Г2С,,57 000,,ТД НСК-Металл Мск (499) 322-12-21,,Москва,20Ш1,Балка б/у,Металлопрокат
4,Балка б/у 20Ш1,ст3,,57 000,,ТД НСК-Металл Мск (499) 322-12-21,,Москва,20Ш1,Балка б/у,Металлопрокат
5,Балка б/у 20Ш1,,,59 990,,Атон Сталь Мск (495) 20-30-400,,Москва,20Ш1,Балка б/у,Металлопрокат
0,Балка б/у 20Ш2,,4-6,57 000,,ЕМГ-Групп Мск (495) 775-74-61,,Москва,20Ш2,Балка б/у,Металлопрокат
1,Балка б/у 20Ш2,,6-12,57 000,,ЕМГ-Групп Мск (495) 775-74-61,,Москва,20Ш2,Балка б/у,Металлопрокат
2,Балка б/у 20Ш2,09Г2С,,57 000,,ТД НСК-Металл Мск (499) 322-12-21,,Москва,20Ш2,Балка б/у,Металлопрокат
3,Балка б/у 20Ш2,ст3,,57 000,,ТД НСК-Металл Мск (499) 322-12-21,,Москва,20Ш2,Балка б/у,Металлопрокат
0,Балка б/у 22,,,54 000,,ПКФ Сириус Мск (926) 745-05-80 доб.,,Москва,22,Балка б/у,Металлопрокат
1,Балка б/у 22,,,54 500,,ПСК ТРАСТ-М Мск (499) 288-00-68,,Москва,22,Балка б/у,Металлопрокат
0,Балка б/у 22С,,,55 000,,ТПО СТАЛЬРЕЗЕРВ Мск (495) 374-77-17,,Москва,22С,Балка б/у,Металлопрокат
1,Балка б/у 22С,,4-6,57 000,,ЕМГ-Групп Мск (495) 775-74-61,,Москва,22С,Балка б/у,Металлопрокат
2,Балка б/у 22С,,6-12,57 000,,ЕМГ-Групп Мск (495) 775-74-61,,Москва,22С,Балка б/у,Металлопрокат
0,Балка б/у 23Б1,,4-6,57 000,,ЕМГ-Групп Мск (495) 775-74-61,,Москва,23Б1,Балка б/у,Металлопрокат
1,Балка б/у 23Б1,,6-12,57 000,,ЕМГ-Групп Мск (495) 775-74-61,,Москва,23Б1,Балка б/у,Металлопрокат
2,Балка б/у 23Б1,,,66 000,,ТУБУС Мск (495) 188-43-21,,Москва,23Б1,Балка б/у,Металлопрокат
3,Балка б/у 23Б1,,12,75 000,,Атон Сталь Мск (495) 20-30-400,,Москва,23Б1,Балка б/у,Металлопрокат
0,Балка б/у 23К1,,4-6,57 000,,ЕМГ-Групп Мск (495) 775-74-61,,Москва,23К1,Балка б/у,Металлопрокат
1,Балка б/у 23К1,,6-12,57 000,,ЕМГ-Групп Мск (495) 775-74-61,,Москва,23К1,Балка б/у,Металлопрокат
0,Балка б/у 23Ш1,,4-6,57 000,,ЕМГ-Групп Мск (495) 775-74-61,,Москва,23Ш1,Балка б/у,Металлопрокат
1,Балка б/у 23Ш1,,6-12,57 000,,ЕМГ-Групп Мск (495) 775-74-61,,Москва,23Ш1,Балка б/у,Металлопрокат
0,Балка б/у 24,,,55 000,,ТПО СТАЛЬРЕЗЕРВ Мск (495) 374-77-17,,Москва,24,Балка б/у,Металлопрокат
1,Балка б/у 24,,4-6,57 000,,ЕМГ-Групп Мск (495) 775-74-61,,Москва,24,Балка б/у,Металлопрокат
2,Балка б/у 24,,6-12,57 000,,ЕМГ-Групп Мск (495) 775-74-61,,Москва,24,Балка б/у,Металлопрокат
3,Балка б/у 24,,12,59 000,,Атон Сталь Мск (495) 20-30-400,,Москва,24,Балка б/у,Металлопрокат
4,Балка б/у 24,,,60 000,,ТУБУС Мск (495) 188-43-21,,Москва,24,Балка б/у,Металлопрокат
5,Балка б/у 24,09Г2С,,75 000,,ТД НСК-Металл Мск (499) 322-12-21,,Москва,24,Балка б/у,Металлопрокат
6,Балка б/у 24,ст3,,75 000,,ТД НСК-Металл Мск (499) 322-12-21,,Москва,24,Балка б/у,Металлопрокат
7,Балка б/у 24,,,звоните,,СтройГруппКомпани Мск (495) 055-55-03,,Москва,24,Балка б/у,Металлопрокат
8,Балка б/у 24,,,звоните,,СтройГруппКомпани Мск (495) 055-55-03,,Москва,24,Балка б/у,Металлопрокат
0,Балка б/у 24М,,6,39 000,,Стройбаза Чер (921) 835-44-88 доб.,,Череповец,24М,Балка б/у,Металлопрокат
1,Балка б/у 24М,,6,39 000,,Стройбаза Мск (921) 835-44-88 доб.,,Москва,24М,Балка б/у,Металлопрокат
2,Балка б/у 24М,,,55 000,,ТПО СТАЛЬРЕЗЕРВ Мск (495) 374-77-17,,Москва,24М,Балка б/у,Металлопрокат
3,Балка б/у 24М,,4-6,57 000,,ЕМГ-Групп Мск (495) 775-74-61,,Москва,24М,Балка б/у,Металлопрокат
4,Балка б/у 24М,,6-12,57 000,,ЕМГ-Групп Мск (495) 775-74-61,,Москва,24М,Балка б/у,Металлопрокат
5,Балка б/у 24М,,,59 000,,ПСК ТРАСТ-М Мск (499) 288-00-68,,Москва,24М,Балка б/у,Металлопрокат
6,Балка б/у 24М,,12,59 000,,Атон Сталь Мск (495) 20-30-400,,Москва,24М,Балка б/у,Металлопрокат
7,Балка б/у 24М,,,60 000,,ТУБУС Мск (495) 188-43-21,,Москва,24М,Балка б/у,Металлопрокат
8,Балка б/у 24М,,,65 000,,ПКФ Сириус Мск (926) 745-05-80 доб.,,Москва,24М,Балка б/у,Металлопрокат
9,Балка б/у 24М,09Г2С,,75 000,,ТД НСК-Металл Мск (499) 322-12-21,,Москва,24М,Балка б/у,Металлопрокат
10,Балка б/у 24М,ст3,,75 000,,ТД НСК-Металл Мск (499) 322-12-21,,Москва,24М,Балка б/у,Металлопрокат
0,Балка б/у 25,ст3,,55 000,,ТД НСК-Металл Мск (499) 322-12-21,,Москва,25,Балка б/у,Металлопрокат
1,Балка б/у 25,,4-6,57 000,,ЕМГ-Групп Мск (495) 775-74-61,,Москва,25,Балка б/у,Металлопрокат
2,Балка б/у 25,,6-12,57 000,,ЕМГ-Групп Мск (495) 775-74-61,,Москва,25,Балка б/у,Металлопрокат
3,Балка б/у 25,,,65 000,,Атон Сталь Мск (495) 20-30-400,,Москва,25,Балка б/у,Металлопрокат
4,Балка б/у 25,09Г2С,,75 000,,ТД НСК-Металл Мск (499) 322-12-21,,Москва,25,Балка б/у,Металлопрокат
5,Балка б/у 25,,н/д,звоните,,СтройГеоРесурс Мск (495) 777-36-46,,Москва,25,Балка б/у,Металлопрокат
0,Балка б/у 25Б1,,6,53 000,,Стройбаза Чер (921) 835-44-88 доб.,,Череповец,25Б1,Балка б/у,Металлопрокат
1,Балка б/у 25Б1,,6,53 000,,Стройбаза Мск (921) 835-44-88 доб.,,Москва,25Б1,Балка б/у,Металлопрокат
2,Балка б/у 25Б1,,,55 000,,ТПО СТАЛЬРЕЗЕРВ Мск (495) 374-77-17,,Москва,25Б1,Балка б/у,Металлопрокат
3,Балка б/у 25Б1,ст3,,55 000,,ТД НСК-Металл Мск (499) 322-12-21,,Москва,25Б1,Балка б/у,Металлопрокат
4,Балка б/у 25Б1,,4-6,57 000,,ЕМГ-Групп Мск (495) 775-74-61,,Москва,25Б1,Балка б/у,Металлопрокат
5,Балка б/у 25Б1,,6-12,57 000,,ЕМГ-Групп Мск (495) 775-74-61,,Москва,25Б1,Балка б/у,Металлопрокат
6,Балка б/у 25Б1,,12,68 000,,Атон Сталь Мск (495) 20-30-400,,Москва,25Б1,Балка б/у,Металлопрокат
7,Балка б/у 25Б1,09Г2С,,75 000,,ТД НСК-Металл Мск (499) 322-12-21,,Москва,25Б1,Балка б/у,Металлопрокат
8,Балка б/у 25Б1,,,звоните,,СтройГруппКомпани Мск (495) 055-55-03,,Москва,25Б1,Балка б/у,Металлопрокат
9,Балка б/у 25Б1,,,звоните,,СтройГруппКомпани Мск (495) 055-55-03,,Москва,25Б1,Балка б/у,Металлопрокат
0,Балка б/у 25Б2,,,54 000,,ПКФ Сириус Мск (926) 745-05-80 доб.,,Москва,25Б2,Балка б/у,Металлопрокат
1,Балка б/у 25Б2,,,55 000,,ТПО СТАЛЬРЕЗЕРВ Мск (495) 374-77-17,,Москва,25Б2,Балка б/у,Металлопрокат
2,Балка б/у 25Б2,ст3,,55 000,,ТД НСК-Металл Мск (499) 322-12-21,,Москва,25Б2,Балка б/у,Металлопрокат
3,Балка б/у 25Б2,,4-6,57 000,,ЕМГ-Групп Мск (495) 775-74-61,,Москва,25Б2,Балка б/у,Металлопрокат
4,Балка б/у 25Б2,,6-12,57 000,,ЕМГ-Групп Мск (495) 775-74-61,,Москва,25Б2,Балка б/у,Металлопрокат
5,Балка б/у 25Б2,,,65 000,,ТУБУС Мск (495) 188-43-21,,Москва,25Б2,Балка б/у,Металлопрокат
6,Балка б/у 25Б2,09Г2С,,75 000,,ТД НСК-Металл Мск (499) 322-12-21,,Москва,25Б2,Балка б/у,Металлопрокат
0,Балка б/у 25К1,,,55 000,,ТПО СТАЛЬРЕЗЕРВ Мск (495) 374-77-17,,Москва,25К1,Балка б/у,Металлопрокат
1,Балка б/у 25К1,ст3,,55 000,,ТД НСК-Металл Мск (499) 322-12-21,,Москва,25К1,Балка б/у,Металлопрокат
2,Балка б/у 25К1,,4-6,57 000,,ЕМГ-Групп Мск (495) 775-74-61,,Москва,25К1,Балка б/у,Металлопрокат
3,Балка б/у 25К1,,6-12,57 000,,ЕМГ-Групп Мск (495) 775-74-61,,Москва,25К1,Балка б/у,Металлопрокат
4,Балка б/у 25К1,,,59 000,,Атон Сталь Мск (495) 20-30-400,,Москва,25К1,Балка б/у,Металлопрокат
5,Балка б/у 25К1,09Г2С,,75 000,,ТД НСК-Металл Мск (499) 322-12-21,,Москва,25К1,Балка б/у,Металлопрокат
0,Балка б/у 25К2,,,55 000,,ТПО СТАЛЬРЕЗЕРВ Мск (495) 374-77-17,,Москва,25К2,Балка б/у,Металлопрокат
1,Балка б/у 25К2,ст3,,55 000,,ТД НСК-Металл Мск (499) 322-12-21,,Москва,25К2,Балка б/у,Металлопрокат
2,Балка б/у 25К2,,4-6,57 000,,ЕМГ-Групп Мск (495) 775-74-61,,Москва,25К2,Балка б/у,Металлопрокат
3,Балка б/у 25К2,,6-12,57 000,,ЕМГ-Групп Мск (495) 775-74-61,,Москва,25К2,Балка б/у,Металлопрокат
4,Балка б/у 25К2,09Г2С,,75 000,,ТД НСК-Металл Мск (499) 322-12-21,,Москва,25К2,Балка б/у,Металлопрокат
0,Балка б/у 25К3,ст3,,55 000,,ТД НСК-Металл Мск (499) 322-12-21,,Москва,25К3,Балка б/у,Металлопрокат
1,Балка б/у 25К3,,4-6,57 000,,ЕМГ-Групп Мск (495) 775-74-61,,Москва,25К3,Балка б/у,Металлопрокат
2,Балка б/у 25К3,,6-12,57 000,,ЕМГ-Групп Мск (495) 775-74-61,,Москва,25К3,Балка б/у,Металлопрокат
3,Балка б/у 25К3,09Г2С,,75 000,,ТД НСК-Металл Мск (499) 322-12-21,,Москва,25К3,Балка б/у,Металлопрокат
0,Балка б/у 25Ш1,,,55 000,,ТПО СТАЛЬРЕЗЕРВ Мск (495) 374-77-17,,Москва,25Ш1,Балка б/у,Металлопрокат
1,Балка б/у 25Ш1,ст3,,55 000,,ТД НСК-Металл Мск (499) 322-12-21,,Москва,25Ш1,Балка б/у,Металлопрокат
2,Балка б/у 25Ш1,,,59 000,,Атон Сталь Мск (495) 20-30-400,,Москва,25Ш1,Балка б/у,Металлопрокат
3,Балка б/у 25Ш1,09Г2С,,75 000,,ТД НСК-Металл Мск (499) 322-12-21,,Москва,25Ш1,Балка б/у,Металлопрокат
4,Балка б/у 25Ш1,,,звоните,,СтройГруппКомпани Мск (495) 055-55-03,,Москва,25Ш1,Балка б/у,Металлопрокат
5,Балка б/у 25Ш1,,,звоните,,СтройГруппКомпани Мск (495) 055-55-03,,Москва,25Ш1,Балка б/у,Металлопрокат
0,Балка б/у 26Б1,,,55 000,,ТПО СТАЛЬРЕЗЕРВ Мск (495) 374-77-17,,Москва,26Б1,Балка б/у,Металлопрокат
1,Балка б/у 26Б1,,12.0,59 000,,Атон Сталь Мск (495) 20-30-400,,Москва,26Б1,Балка б/у,Металлопрокат
0,Балка б/у 26Ш1,,,59 000,,Атон Сталь Мск (495) 20-30-400,,Москва,26Ш1,Балка б/у,Металлопрокат
0,Балка б/у 27,,,55 000,,ТПО СТАЛЬРЕЗЕРВ Мск (495) 374-77-17,,Москва,27,Балка б/у,Металлопрокат
1,Балка б/у 27,ст3,,55 000,,ТД НСК-Металл Мск (499) 322-12-21,,Москва,27,Балка б/у,Металлопрокат
2,Балка б/у 27,,,59 000,,Атон Сталь Мск (495) 20-30-400,,Москва,27,Балка б/у,Металлопрокат
3,Балка б/у 27,,,65 000,,ТУБУС Мск (495) 188-43-21,,Москва,27,Балка б/у,Металлопрокат
4,Балка б/у 27,09Г2С,,75 000,,ТД НСК-Металл Мск (499) 322-12-21,,Москва,27,Балка б/у,Металлопрокат
0,Балка б/у 27ДБ1,,,звоните,,СтройГруппКомпани Мск (495) 055-55-03,,Москва,27ДБ1,Балка б/у,Металлопрокат
1,Балка б/у 27ДБ1,,,звоните,,СтройГруппКомпани Мск (495) 055-55-03,,Москва,27ДБ1,Балка б/у,Металлопрокат
0,Балка б/у 27С,,,звоните,,СтройГруппКомпани Мск (495) 055-55-03,,Москва,27С,Балка б/у,Металлопрокат
1,Балка б/у 27С,,,звоните,,СтройГруппКомпани Мск (495) 055-55-03,,Москва,27С,Балка б/у,Металлопрокат
0,Балка б/у 30,,,55 000,,ТПО СТАЛЬРЕЗЕРВ Мск (495) 374-77-17,,Москва,30,Балка б/у,Металлопрокат
1,Балка б/у 30,ст3,,57 000,,ТД НСК-Металл Мск (499) 322-12-21,,Москва,30,Балка б/у,Металлопрокат
2,Балка б/у 30,,4-6,58 000,,ЕМГ-Групп Мск (495) 775-74-61,,Москва,30,Балка б/у,Металлопрокат
3,Балка б/у 30,,6-12,58 000,,ЕМГ-Групп Мск (495) 775-74-61,,Москва,30,Балка б/у,Металлопрокат
4,Балка б/у 30,,,65 000,,Атон Сталь Мск (495) 20-30-400,,Москва,30,Балка б/у,Металлопрокат
5,Балка б/у 30,09Г2С,,85 000,,ТД НСК-Металл Мск (499) 322-12-21,,Москва,30,Балка б/у,Металлопрокат
6,Балка б/у 30,,н/д,звоните,,СтройГеоРесурс Мск (495) 777-36-46,,Москва,30,Балка б/у,Металлопрокат
0,Балка б/у 30Б1,,2.8,25 000,,Промбаза Восток Екб (343) 365-31-22,,Екатеринбург,30Б1,Балка б/у,Металлопрокат
1,Балка б/у 30Б1,,,55 000,,ТПО СТАЛЬРЕЗЕРВ Мск (495) 374-77-17,,Москва,30Б1,Балка б/у,Металлопрокат
2,Балка б/у 30Б1,,,56 000,,ПСК ТРАСТ-М Мск (499) 288-00-68,,Москва,30Б1,Балка б/у,Металлопрокат
3,Балка б/у 30Б1,ст3,,57 000,,ТД НСК-Металл Мск (499) 322-12-21,,Москва,30Б1,Балка б/у,Металлопрокат
4,Балка б/у 30Б1,ст3,11-12,57 000,,Риан Групп Мск (926) 602-83-59 доб.,,Москва,30Б1,Балка б/у,Металлопрокат
5,Балка б/у 30Б1,,4-6,58 000,,ЕМГ-Групп Мск (495) 775-74-61,,Москва,30Б1,Балка б/у,Металлопрокат
6,Балка б/у 30Б1,,6-12,58 000,,ЕМГ-Групп Мск (495) 775-74-61,,Москва,30Б1,Балка б/у,Металлопрокат
7,Балка б/у 30Б1,,5,58 000,,Компания ТрубоТорг Мск (495) 223-44-51 доб.,,Москва,30Б1,Балка б/у,Металлопрокат
8,Балка б/у 30Б1,,,63 500,,Атон Сталь Мск (495) 20-30-400,,Москва,30Б1,Балка б/у,Металлопрокат
9,Балка б/у 30Б1,09Г2С,,85 000,,ТД НСК-Металл Мск (499) 322-12-21,,Москва,30Б1,Балка б/у,Металлопрокат
0,Балка б/у 30Б2,,6,53 000,,Стройбаза Чер (921) 835-44-88 доб.,,Череповец,30Б2,Балка б/у,Металлопрокат
1,Балка б/у 30Б2,,6,53 000,,Стройбаза Мск (921) 835-44-88 доб.,,Москва,30Б2,Балка б/у,Металлопрокат
2,Балка б/у 30Б2,,,55 000,,ТПО СТАЛЬРЕЗЕРВ Мск (495) 374-77-17,,Москва,30Б2,Балка б/у,Металлопрокат
3,Балка б/у 30Б2,,,56 000,,ПСК ТРАСТ-М Мск (499) 288-00-68,,Москва,30Б2,Балка б/у,Металлопрокат
4,Балка б/у 30Б2,ст3,,57 000,,ТД НСК-Металл Мск (499) 322-12-21,,Москва,30Б2,Балка б/у,Металлопрокат
5,Балка б/у 30Б2,ст3,11-12,57 000,,Риан Групп Мск (926) 602-83-59 доб.,,Москва,30Б2,Балка б/у,Металлопрокат
6,Балка б/у 30Б2,,4-6,58 000,,ЕМГ-Групп Мск (495) 775-74-61,,Москва,30Б2,Балка б/у,Металлопрокат
7,Балка б/у 30Б2,,6-12,58 000,,ЕМГ-Групп Мск (495) 775-74-61,,Москва,30Б2,Балка б/у,Металлопрокат
8,Балка б/у 30Б2,,5,58 000,,Компания ТрубоТорг Мск (495) 223-44-51 доб.,,Москва,30Б2,Балка б/у,Металлопрокат
9,Балка б/у 30Б2,,,60 000,,ПКФ Сириус Мск (926) 745-05-80 доб.,,Москва,30Б2,Балка б/у,Металлопрокат
10,Балка б/у 30Б2,,,62 500,,Атон Сталь Мск (495) 20-30-400,,Москва,30Б2,Балка б/у,Металлопрокат
11,Балка б/у 30Б2,,,65 000,,ТУБУС Мск (495) 188-43-21,,Москва,30Б2,Балка б/у,Металлопрокат
12,Балка б/у 30Б2,09Г2С,,85 000,,ТД НСК-Металл Мск (499) 322-12-21,,Москва,30Б2,Балка б/у,Металлопрокат
0,Балка б/у 30К1,,,50 000,,ПКФ Сириус Мск (926) 745-05-80 доб.,,Москва,30К1,Балка б/у,Металлопрокат
1,Балка б/у 30К1,ст3,,57 000,,ТД НСК-Металл Мск (499) 322-12-21,,Москва,30К1,Балка б/у,Металлопрокат
2,Балка б/у 30К1,,4-6,58 000,,ЕМГ-Групп Мск (495) 775-74-61,,Москва,30К1,Балка б/у,Металлопрокат
3,Балка б/у 30К1,,6-12,58 000,,ЕМГ-Групп Мск (495) 775-74-61,,Москва,30К1,Балка б/у,Металлопрокат
4,Балка б/у 30К1,,,59 000,,Атон Сталь Мск (495) 20-30-400,,Москва,30К1,Балка б/у,Металлопрокат
5,Балка б/у 30К1,09Г2С,,85 000,,ТД НСК-Металл Мск (499) 322-12-21,,Москва,30К1,Балка б/у,Металлопрокат
0,Балка б/у 30К2,ст3,,57 000,,ТД НСК-Металл Мск (499) 322-12-21,,Москва,30К2,Балка б/у,Металлопрокат
1,Балка б/у 30К2,,4-6,58 000,,ЕМГ-Групп Мск (495) 775-74-61,,Москва,30К2,Балка б/у,Металлопрокат
2,Балка б/у 30К2,,6-12,58 000,,ЕМГ-Групп Мск (495) 775-74-61,,Москва,30К2,Балка б/у,Металлопрокат
3,Балка б/у 30К2,09Г2С,,85 000,,ТД НСК-Металл Мск (499) 322-12-21,,Москва,30К2,Балка б/у,Металлопрокат
0,Балка б/у 30К3,ст3,,57 000,,ТД НСК-Металл Мск (499) 322-12-21,,Москва,30К3,Балка б/у,Металлопрокат
1,Балка б/у 30К3,,4-6,58 000,,ЕМГ-Групп Мск (495) 775-74-61,,Москва,30К3,Балка б/у,Металлопрокат
2,Балка б/у 30К3,,6-12,58 000,,ЕМГ-Групп Мск (495) 775-74-61,,Москва,30К3,Балка б/у,Металлопрокат
3,Балка б/у 30К3,09Г2С,,85 000,,ТД НСК-Металл Мск (499) 322-12-21,,Москва,30К3,Балка б/у,Металлопрокат
0,Балка б/у 30М,,,55 000,,ТПО СТАЛЬРЕЗЕРВ Мск (495) 374-77-17,,Москва,30М,Балка б/у,Металлопрокат
1,Балка б/у 30М,ст3,,57 000,,ТД НСК-Металл Мск (499) 322-12-21,,Москва,30М,Балка б/у,Металлопрокат
2,Балка б/у 30М,,4-6,58 000,,ЕМГ-Групп Мск (495) 775-74-61,,Москва,30М,Балка б/у,Металлопрокат
3,Балка б/у 30М,,6-12,58 000,,ЕМГ-Групп Мск (495) 775-74-61,,Москва,30М,Балка б/у,Металлопрокат
4,Балка б/у 30М,,,59 000,,Атон Сталь Мск (495) 20-30-400,,Москва,30М,Балка б/у,Металлопрокат
5,Балка б/у 30М,,,65 000,,ТУБУС Мск (495) 188-43-21,,Москва,30М,Балка б/у,Металлопрокат
6,Балка б/у 30М,,6,65 000,,ПКФ Сириус Мск (926) 745-05-80 доб.,,Москва,30М,Балка б/у,Металлопрокат
7,Балка б/у 30М,09Г2С,,85 000,,ТД НСК-Металл Мск (499) 322-12-21,,Москва,30М,Балка б/у,Металлопрокат
0,Балка б/у 30Ш1,,,55 000,,ТПО СТАЛЬРЕЗЕРВ Мск (495) 374-77-17,,Москва,30Ш1,Балка б/у,Металлопрокат
1,Балка б/у 30Ш1,ст3,,57 000,,ТД НСК-Металл Мск (499) 322-12-21,,Москва,30Ш1,Балка б/у,Металлопрокат
2,Балка б/у 30Ш1,,4-6,58 000,,ЕМГ-Групп Мск (495) 775-74-61,,Москва,30Ш1,Балка б/у,Металлопрокат
3,Балка б/у 30Ш1,,6-12,58 000,,ЕМГ-Групп Мск (495) 775-74-61,,Москва,30Ш1,Балка б/у,Металлопрокат
4,Балка б/у 30Ш1,,,59 000,,Атон Сталь Мск (495) 20-30-400,,Москва,30Ш1,Балка б/у,Металлопрокат
5,Балка б/у 30Ш1,09Г2С,,85 000,,ТД НСК-Металл Мск (499) 322-12-21,,Москва,30Ш1,Балка б/у,Металлопрокат
6,Балка б/у 30Ш1,,,звоните,,СтройГруппКомпани Мск (495) 055-55-03,,Москва,30Ш1,Балка б/у,Металлопрокат
7,Балка б/у 30Ш1,,,звоните,,СтройГруппКомпани Мск (495) 055-55-03,,Москва,30Ш1,Балка б/у,Металлопрокат
0,Балка б/у 30Ш2,ст3,,57 000,,ТД НСК-Металл Мск (499) 322-12-21,,Москва,30Ш2,Балка б/у,Металлопрокат
1,Балка б/у 30Ш2,,4-6,58 000,,ЕМГ-Групп Мск (495) 775-74-61,,Москва,30Ш2,Балка б/у,Металлопрокат
2,Балка б/у 30Ш2,,6-12,58 000,,ЕМГ-Групп Мск (495) 775-74-61,,Москва,30Ш2,Балка б/у,Металлопрокат
3,Балка б/у 30Ш2,,,59 000,,Атон Сталь Мск (495) 20-30-400,,Москва,30Ш2,Балка б/у,Металлопрокат
4,Балка б/у 30Ш2,09Г2С,,85 000,,ТД НСК-Металл Мск (499) 322-12-21,,Москва,30Ш2,Балка б/у,Металлопрокат
0,Балка б/у 33Б1,,5,58 000,,Компания ТрубоТорг Мск (495) 223-44-51 доб.,,Москва,33Б1,Балка б/у,Металлопрокат
0,Балка б/у 33Б2,,5,58 000,,Компания ТрубоТорг Мск (495) 223-44-51 доб.,,Москва,33Б2,Балка б/у,Металлопрокат
0,Балка б/у 35,,н/д,звоните,,СтройГеоРесурс Мск (495) 777-36-46,,Москва,35,Балка б/у,Металлопрокат
0,Балка б/у 35Б1,,,55 000,,ТПО СТАЛЬРЕЗЕРВ Мск (495) 374-77-17,,Москва,35Б1,Балка б/у,Металлопрокат
1,Балка б/у 35Б1,,,56 000,,ПСК ТРАСТ-М Мск (499) 288-00-68,,Москва,35Б1,Балка б/у,Металлопрокат
2,Балка б/у 35Б1,09Г2С,,57 000,,ТД НСК-Металл Мск (499) 322-12-21,,Москва,35Б1,Балка б/у,Металлопрокат
3,Балка б/у 35Б1,ст3,,57 000,,ТД НСК-Металл Мск (499) 322-12-21,,Москва,35Б1,Балка б/у,Металлопрокат
4,Балка б/у 35Б1,ст3,11-12,57 000,,Риан Групп Мск (926) 602-83-59 доб.,,Москва,35Б1,Балка б/у,Металлопрокат
5,Балка б/у 35Б1,,4-6,58 000,,ЕМГ-Групп Мск (495) 775-74-61,,Москва,35Б1,Балка б/у,Металлопрокат
6,Балка б/у 35Б1,,6-12,58 000,,ЕМГ-Групп Мск (495) 775-74-61,,Москва,35Б1,Балка б/у,Металлопрокат
7,Балка б/у 35Б1,,,59 000,,Атон Сталь Мск (495) 20-30-400,,Москва,35Б1,Балка б/у,Металлопрокат
8,Балка б/у 35Б1,,10,73 500,,АВМ Инжиниринг Мск (495) 128-18-34,,Москва,35Б1,Балка б/у,Металлопрокат
0,Балка б/у 35Б2,,,55 000,,ТПО СТАЛЬРЕЗЕРВ Мск (495) 374-77-17,,Москва,35Б2,Балка б/у,Металлопрокат
1,Балка б/у 35Б2,09Г2С,,57 000,,ТД НСК-Металл Мск (499) 322-12-21,,Москва,35Б2,Балка б/у,Металлопрокат
2,Балка б/у 35Б2,ст3,,57 000,,ТД НСК-Металл Мск (499) 322-12-21,,Москва,35Б2,Балка б/у,Металлопрокат
3,Балка б/у 35Б2,ст3,11-12,57 000,,Риан Групп Мск (926) 602-83-59 доб.,,Москва,35Б2,Балка б/у,Металлопрокат
4,Балка б/у 35Б2,,4-6,58 000,,ЕМГ-Групп Мск (495) 775-74-61,,Москва,35Б2,Балка б/у,Металлопрокат
5,Балка б/у 35Б2,,6-12,58 000,,ЕМГ-Групп Мск (495) 775-74-61,,Москва,35Б2,Балка б/у,Металлопрокат
6,Балка б/у 35Б2,,,59 000,,Атон Сталь Мск (495) 20-30-400,,Москва,35Б2,Балка б/у,Металлопрокат
7,Балка б/у 35Б2,,,65 000,,ТУБУС Мск (495) 188-43-21,,Москва,35Б2,Балка б/у,Металлопрокат
8,Балка б/у 35Б2,,5-8,звоните,,СТОТРУБ Мск (495) 230-04-84,,Москва,35Б2,Балка б/у,Металлопрокат
0,Балка б/у 35К1,09Г2С,,57 000,,ТД НСК-Металл Мск (499) 322-12-21,,Москва,35К1,Балка б/у,Металлопрокат
1,Балка б/у 35К1,ст3,,57 000,,ТД НСК-Металл Мск (499) 322-12-21,,Москва,35К1,Балка б/у,Металлопрокат
2,Балка б/у 35К1,,4-6,58 000,,ЕМГ-Групп Мск (495) 775-74-61,,Москва,35К1,Балка б/у,Металлопрокат
3,Балка б/у 35К1,,6-12,58 000,,ЕМГ-Групп Мск (495) 775-74-61,,Москва,35К1,Балка б/у,Металлопрокат
4,Балка б/у 35К1,,,59 000,,Атон Сталь Мск (495) 20-30-400,,Москва,35К1,Балка б/у,Металлопрокат
0,Балка б/у 35К2,,,55 000,,ТПО СТАЛЬРЕЗЕРВ Мск (495) 374-77-17,,Москва,35К2,Балка б/у,Металлопрокат
1,Балка б/у 35К2,09Г2С,,57 000,,ТД НСК-Металл Мск (499) 322-12-21,,Москва,35К2,Балка б/у,Металлопрокат
2,Балка б/у 35К2,ст3,,57 000,,ТД НСК-Металл Мск (499) 322-12-21,,Москва,35К2,Балка б/у,Металлопрокат
3,Балка б/у 35К2,,4-6,58 000,,ЕМГ-Групп Мск (495) 775-74-61,,Москва,35К2,Балка б/у,Металлопрокат
4,Балка б/у 35К2,,6-12,58 000,,ЕМГ-Групп Мск (495) 775-74-61,,Москва,35К2,Балка б/у,Металлопрокат
0,Балка б/у 35К3,09Г2С,,57 000,,ТД НСК-Металл Мск (499) 322-12-21,,Москва,35К3,Балка б/у,Металлопрокат
1,Балка б/у 35К3,ст3,,57 000,,ТД НСК-Металл Мск (499) 322-12-21,,Москва,35К3,Балка б/у,Металлопрокат
2,Балка б/у 35К3,,4-6,58 000,,ЕМГ-Групп Мск (495) 775-74-61,,Москва,35К3,Балка б/у,Металлопрокат
3,Балка б/у 35К3,,6-12,58 000,,ЕМГ-Групп Мск (495) 775-74-61,,Москва,35К3,Балка б/у,Металлопрокат
0,Балка б/у 35Ш1,,,55 000,,ТПО СТАЛЬРЕЗЕРВ Мск (495) 374-77-17,,Москва,35Ш1,Балка б/у,Металлопрокат
1,Балка б/у 35Ш1,09Г2С,,57 000,,ТД НСК-Металл Мск (499) 322-12-21,,Москва,35Ш1,Балка б/у,Металлопрокат
2,Балка б/у 35Ш1,ст3,,57 000,,ТД НСК-Металл Мск (499) 322-12-21,,Москва,35Ш1,Балка б/у,Металлопрокат
3,Балка б/у 35Ш1,,4-6,58 000,,ЕМГ-Групп Мск (495) 775-74-61,,Москва,35Ш1,Балка б/у,Металлопрокат
4,Балка б/у 35Ш1,,6-12,58 000,,ЕМГ-Групп Мск (495) 775-74-61,,Москва,35Ш1,Балка б/у,Металлопрокат
0,Балка б/у 35Ш2,,,55 000,,ТПО СТАЛЬРЕЗЕРВ Мск (495) 374-77-17,,Москва,35Ш2,Балка б/у,Металлопрокат
1,Балка б/у 35Ш2,09Г2С,,57 000,,ТД НСК-Металл Мск (499) 322-12-21,,Москва,35Ш2,Балка б/у,Металлопрокат
2,Балка б/у 35Ш2,ст3,,57 000,,ТД НСК-Металл Мск (499) 322-12-21,,Москва,35Ш2,Балка б/у,Металлопрокат
3,Балка б/у 35Ш2,,4-6,58 000,,ЕМГ-Групп Мск (495) 775-74-61,,Москва,35Ш2,Балка б/у,Металлопрокат
4,Балка б/у 35Ш2,,6-12,58 000,,ЕМГ-Групп Мск (495) 775-74-61,,Москва,35Ш2,Балка б/у,Металлопрокат
5,Балка б/у 35Ш2,,,59 000,,Атон Сталь Мск (495) 20-30-400,,Москва,35Ш2,Балка б/у,Металлопрокат
6,Балка б/у 35Ш2,,,звоните,,СтройГруппКомпани Мск (495) 055-55-03,,Москва,35Ш2,Балка б/у,Металлопрокат
7,Балка б/у 35Ш2,,,звоните,,СтройГруппКомпани Мск (495) 055-55-03,,Москва,35Ш2,Балка б/у,Металлопрокат
0,Балка б/у 36,,,20 000,,Промбаза Восток Екб (343) 365-31-22,,Екатеринбург,36,Балка б/у,Металлопрокат
1,Балка б/у 36,,6-11.87,52 000,,ПКФ Сириус Мск (926) 745-05-80 доб.,,Москва,36,Балка б/у,Металлопрокат
2,Балка б/у 36,,,55 000,,ТПО СТАЛЬРЕЗЕРВ Мск (495) 374-77-17,,Москва,36,Балка б/у,Металлопрокат
3,Балка б/у 36,,,56 000,,ПСК ТРАСТ-М Мск (499) 288-00-68,,Москва,36,Балка б/у,Металлопрокат
4,Балка б/у 36,09Г2С,,57 000,,ТД НСК-Металл Мск (499) 322-12-21,,Москва,36,Балка б/у,Металлопрокат
5,Балка б/у 36,ст3,,57 000,,ТД НСК-Металл Мск (499) 322-12-21,,Москва,36,Балка б/у,Металлопрокат
6,Балка б/у 36,,4-6,58 000,,ЕМГ-Групп Мск (495) 775-74-61,,Москва,36,Балка б/у,Металлопрокат
7,Балка б/у 36,,6-12,58 000,,ЕМГ-Групп Мск (495) 775-74-61,,Москва,36,Балка б/у,Металлопрокат
8,Балка б/у 36,,,59 000,,Атон Сталь Мск (495) 20-30-400,,Москва,36,Балка б/у,Металлопрокат
0,Балка б/у 36Б1,,5,58 000,,Компания ТрубоТорг Мск (495) 223-44-51 доб.,,Москва,36Б1,Балка б/у,Металлопрокат
0,Балка б/у 36Б2,,5,58 000,,Компания ТрубоТорг Мск (495) 223-44-51 доб.,,Москва,36Б2,Балка б/у,Металлопрокат
0,Балка б/у 36М,,,52 000,,ПКФ Сириус Мск (926) 745-05-80 доб.,,Москва,36М,Балка б/у,Металлопрокат
1,Балка б/у 36М,,,55 000,,ТПО СТАЛЬРЕЗЕРВ Мск (495) 374-77-17,,Москва,36М,Балка б/у,Металлопрокат
2,Балка б/у 36М,09Г2С,,57 000,,ТД НСК-Металл Мск (499) 322-12-21,,Москва,36М,Балка б/у,Металлопрокат
3,Балка б/у 36М,ст3,,57 000,,ТД НСК-Металл Мск (499) 322-12-21,,Москва,36М,Балка б/у,Металлопрокат
4,Балка б/у 36М,,4-6,58 000,,ЕМГ-Групп Мск (495) 775-74-61,,Москва,36М,Балка б/у,Металлопрокат
5,Балка б/у 36М,,6-12,58 000,,ЕМГ-Групп Мск (495) 775-74-61,,Москва,36М,Балка б/у,Металлопрокат
6,Балка б/у 36М,,,60 000,,ТУБУС Мск (495) 188-43-21,,Москва,36М,Балка б/у,Металлопрокат
7,Балка б/у 36М,,,75 000,,Атон Сталь Мск (495) 20-30-400,,Москва,36М,Балка б/у,Металлопрокат
8,Балка б/у 36М,,,звоните,,СтройГруппКомпани Мск (495) 055-55-03,,Москва,36М,Балка б/у,Металлопрокат
9,Балка б/у 36М,,,звоните,,СтройГруппКомпани Мск (495) 055-55-03,,Москва,36М,Балка б/у,Металлопрокат
0,Балка б/у 40,,2.86,18 500,,Промбаза Восток Екб (343) 365-31-22,,Екатеринбург,40,Балка б/у,Металлопрокат
1,Балка б/у 40,,,52 000,,ПКФ Сириус Мск (926) 745-05-80 доб.,,Москва,40,Балка б/у,Металлопрокат
2,Балка б/у 40,,,55 000,,ТПО СТАЛЬРЕЗЕРВ Мск (495) 374-77-17,,Москва,40,Балка б/у,Металлопрокат
3,Балка б/у 40,,4-6,58 000,,ЕМГ-Групп Мск (495) 775-74-61,,Москва,40,Балка б/у,Металлопрокат
4,Балка б/у 40,,6-12,58 000,,ЕМГ-Групп Мск (495) 775-74-61,,Москва,40,Балка б/у,Металлопрокат
5,Балка б/у 40,09Г2С,,58 000,,ТД НСК-Металл Мск (499) 322-12-21,,Москва,40,Балка б/у,Металлопрокат
6,Балка б/у 40,ст3,,58 000,,ТД НСК-Металл Мск (499) 322-12-21,,Москва,40,Балка б/у,Металлопрокат
7,Балка б/у 40,,,59 000,,Атон Сталь Мск (495) 20-30-400,,Москва,40,Балка б/у,Металлопрокат
8,Балка б/у 40,,н/д,звоните,,СтройГеоРесурс Мск (495) 777-36-46,,Москва,40,Балка б/у,Металлопрокат
0,Балка б/у 40Б1,,6,51 000,,Стройбаза Чер (921) 835-44-88 доб.,,Череповец,40Б1,Балка б/у,Металлопрокат
1,Балка б/у 40Б1,,6,51 000,,Стройбаза Мск (921) 835-44-88 доб.,,Москва,40Б1,Балка б/у,Металлопрокат
2,Балка б/у 40Б1,,,55 000,,ТПО СТАЛЬРЕЗЕРВ Мск (495) 374-77-17,,Москва,40Б1,Балка б/у,Металлопрокат
3,Балка б/у 40Б1,,,56 000,,ПСК ТРАСТ-М Мск (499) 288-00-68,,Москва,40Б1,Балка б/у,Металлопрокат
4,Балка б/у 40Б1,ст3,6-12,57 000,,Риан Групп Мск (926) 602-83-59 доб.,,Москва,40Б1,Балка б/у,Металлопрокат
5,Балка б/у 40Б1,,4-6,58 000,,ЕМГ-Групп Мск (495) 775-74-61,,Москва,40Б1,Балка б/у,Металлопрокат
6,Балка б/у 40Б1,,6-12,58 000,,ЕМГ-Групп Мск (495) 775-74-61,,Москва,40Б1,Балка б/у,Металлопрокат
7,Балка б/у 40Б1,09Г2С,,58 000,,ТД НСК-Металл Мск (499) 322-12-21,,Москва,40Б1,Балка б/у,Металлопрокат
8,Балка б/у 40Б1,ст3,,58 000,,ТД НСК-Металл Мск (499) 322-12-21,,Москва,40Б1,Балка б/у,Металлопрокат
9,Балка б/у 40Б1,,5,58 000,,Компания ТрубоТорг Мск (495) 223-44-51 доб.,,Москва,40Б1,Балка б/у,Металлопрокат
10,Балка б/у 40Б1,,,59 000,,Атон Сталь Мск (495) 20-30-400,,Москва,40Б1,Балка б/у,Металлопрокат
11,Балка б/у 40Б1,,10-12,73 500,,АВМ Инжиниринг Мск (495) 128-18-34,,Москва,40Б1,Балка б/у,Металлопрокат
0,Балка б/у 40Б2,,,55 000,,ТПО СТАЛЬРЕЗЕРВ Мск (495) 374-77-17,,Москва,40Б2,Балка б/у,Металлопрокат
1,Балка б/у 40Б2,,,56 000,,ПСК ТРАСТ-М Мск (499) 288-00-68,,Москва,40Б2,Балка б/у,Металлопрокат
2,Балка б/у 40Б2,ст3,6-12,57 000,,Риан Групп Мск (926) 602-83-59 доб.,,Москва,40Б2,Балка б/у,Металлопрокат
3,Балка б/у 40Б2,,4-6,58 000,,ЕМГ-Групп Мск (495) 775-74-61,,Москва,40Б2,Балка б/у,Металлопрокат
4,Балка б/у 40Б2,,6-12,58 000,,ЕМГ-Групп Мск (495) 775-74-61,,Москва,40Б2,Балка б/у,Металлопрокат
5,Балка б/у 40Б2,09Г2С,,58 000,,ТД НСК-Металл Мск (499) 322-12-21,,Москва,40Б2,Балка б/у,Металлопрокат
6,Балка б/у 40Б2,ст3,,58 000,,ТД НСК-Металл Мск (499) 322-12-21,,Москва,40Б2,Балка б/у,Металлопрокат
7,Балка б/у 40Б2,,5,58 000,,Компания ТрубоТорг Мск (495) 223-44-51 доб.,,Москва,40Б2,Балка б/у,Металлопрокат
8,Балка б/у 40Б2,,8.3-12,58 000,,ПКФ Сириус Мск (926) 745-05-80 доб.,,Москва,40Б2,Балка б/у,Металлопрокат
9,Балка б/у 40Б2,,,59 000,,Атон Сталь Мск (495) 20-30-400,,Москва,40Б2,Балка б/у,Металлопрокат
10,Балка б/у 40Б2,,,65 000,,ТУБУС Мск (495) 188-43-21,,Москва,40Б2,Балка б/у,Металлопрокат
11,Балка б/у 40Б2,,12,73 500,,АВМ Инжиниринг Мск (495) 128-18-34,,Москва,40Б2,Балка б/у,Металлопрокат
12,Балка б/у 40Б2,,11-12,звоните,,СТОТРУБ Мск (495) 230-04-84,,Москва,40Б2,Балка б/у,Металлопрокат
0,Балка б/у 40К1,,4-6,58 000,,ЕМГ-Групп Мск (495) 775-74-61,,Москва,40К1,Балка б/у,Металлопрокат
1,Балка б/у 40К1,,6-12,58 000,,ЕМГ-Групп Мск (495) 775-74-61,,Москва,40К1,Балка б/у,Металлопрокат
2,Балка б/у 40К1,09Г2С,,58 000,,ТД НСК-Металл Мск (499) 322-12-21,,Москва,40К1,Балка б/у,Металлопрокат
3,Балка б/у 40К1,ст3,,58 000,,ТД НСК-Металл Мск (499) 322-12-21,,Москва,40К1,Балка б/у,Металлопрокат
4,Балка б/у 40К1,,,59 000,,Атон Сталь Мск (495) 20-30-400,,Москва,40К1,Балка б/у,Металлопрокат
0,Балка б/у 40К2,,4-6,58 000,,ЕМГ-Групп Мск (495) 775-74-61,,Москва,40К2,Балка б/у,Металлопрокат
1,Балка б/у 40К2,,6-12,58 000,,ЕМГ-Групп Мск (495) 775-74-61,,Москва,40К2,Балка б/у,Металлопрокат
2,Балка б/у 40К2,09Г2С,,58 000,,ТД НСК-Металл Мск (499) 322-12-21,,Москва,40К2,Балка б/у,Металлопрокат
3,Балка б/у 40К2,ст3,,58 000,,ТД НСК-Металл Мск (499) 322-12-21,,Москва,40К2,Балка б/у,Металлопрокат
0,Балка б/у 40Ш1,,,55 000,,ТПО СТАЛЬРЕЗЕРВ Мск (495) 374-77-17,,Москва,40Ш1,Балка б/у,Металлопрокат
1,Балка б/у 40Ш1,,4-6,58 000,,ЕМГ-Групп Мск (495) 775-74-61,,Москва,40Ш1,Балка б/у,Металлопрокат
2,Балка б/у 40Ш1,,6-12,58 000,,ЕМГ-Групп Мск (495) 775-74-61,,Москва,40Ш1,Балка б/у,Металлопрокат
3,Балка б/у 40Ш1,09Г2С,,58 000,,ТД НСК-Металл Мск (499) 322-12-21,,Москва,40Ш1,Балка б/у,Металлопрокат
4,Балка б/у 40Ш1,ст3,,58 000,,ТД НСК-Металл Мск (499) 322-12-21,,Москва,40Ш1,Балка б/у,Металлопрокат
5,Балка б/у 40Ш1,,,59 000,,Атон Сталь Мск (495) 20-30-400,,Москва,40Ш1,Балка б/у,Металлопрокат
6,Балка б/у 40Ш1,,,звоните,,СтройГруппКомпани Мск (495) 055-55-03,,Москва,40Ш1,Балка б/у,Металлопрокат
7,Балка б/у 40Ш1,,,звоните,,СтройГруппКомпани Мск (495) 055-55-03,,Москва,40Ш1,Балка б/у,Металлопрокат
0,Балка б/у 40Ш2,,,55 000,,ТПО СТАЛЬРЕЗЕРВ Мск (495) 374-77-17,,Москва,40Ш2,Балка б/у,Металлопрокат
1,Балка б/у 40Ш2,,4-6,58 000,,ЕМГ-Групп Мск (495) 775-74-61,,Москва,40Ш2,Балка б/у,Металлопрокат
2,Балка б/у 40Ш2,,6-12,58 000,,ЕМГ-Групп Мск (495) 775-74-61,,Москва,40Ш2,Балка б/у,Металлопрокат
3,Балка б/у 40Ш2,09Г2С,,58 000,,ТД НСК-Металл Мск (499) 322-12-21,,Москва,40Ш2,Балка б/у,Металлопрокат
4,Балка б/у 40Ш2,ст3,,58 000,,ТД НСК-Металл Мск (499) 322-12-21,,Москва,40Ш2,Балка б/у,Металлопрокат
0,Балка б/у 45,,,55 000,,ТПО СТАЛЬРЕЗЕРВ Мск (495) 374-77-17,,Москва,45,Балка б/у,Металлопрокат
1,Балка б/у 45,09Г2С,,55 000,,ТД НСК-Металл Мск (499) 322-12-21,,Москва,45,Балка б/у,Металлопрокат
2,Балка б/у 45,,,55 000,,ПКФ Сириус Мск (926) 745-05-80 доб.,,Москва,45,Балка б/у,Металлопрокат
3,Балка б/у 45,,4-6,58 000,,ЕМГ-Групп Мск (495) 775-74-61,,Москва,45,Балка б/у,Металлопрокат
4,Балка б/у 45,,6-12,58 000,,ЕМГ-Групп Мск (495) 775-74-61,,Москва,45,Балка б/у,Металлопрокат
5,Балка б/у 45,ст3,,58 000,,ТД НСК-Металл Мск (499) 322-12-21,,Москва,45,Балка б/у,Металлопрокат
6,Балка б/у 45,,,59 000,,Атон Сталь Мск (495) 20-30-400,,Москва,45,Балка б/у,Металлопрокат
7,Балка б/у 45,,,звоните,,СтройГруппКомпани Мск (495) 055-55-03,,Москва,45,Балка б/у,Металлопрокат
8,Балка б/у 45,,,звоните,,СтройГруппКомпани Мск (495) 055-55-03,,Москва,45,Балка б/у,Металлопрокат
9,Балка б/у 45,,н/д,звоните,,СтройГеоРесурс Мск (495) 777-36-46,,Москва,45,Балка б/у,Металлопрокат
0,Балка б/у 45Б1,,,55 000,,ТПО СТАЛЬРЕЗЕРВ Мск (495) 374-77-17,,Москва,45Б1,Балка б/у,Металлопрокат
1,Балка б/у 45Б1,09Г2С,,55 000,,ТД НСК-Металл Мск (499) 322-12-21,,Москва,45Б1,Балка б/у,Металлопрокат
2,Балка б/у 45Б1,,,56 000,,ПСК ТРАСТ-М Мск (499) 288-00-68,,Москва,45Б1,Балка б/у,Металлопрокат
3,Балка б/у 45Б1,ст3,6-12,57 000,,Риан Групп Мск (926) 602-83-59 доб.,,Москва,45Б1,Балка б/у,Металлопрокат
4,Балка б/у 45Б1,,4-6,58 000,,ЕМГ-Групп Мск (495) 775-74-61,,Москва,45Б1,Балка б/у,Металлопрокат
5,Балка б/у 45Б1,,6-12,58 000,,ЕМГ-Групп Мск (495) 775-74-61,,Москва,45Б1,Балка б/у,Металлопрокат
6,Балка б/у 45Б1,ст3,,58 000,,ТД НСК-Металл Мск (499) 322-12-21,,Москва,45Б1,Балка б/у,Металлопрокат
7,Балка б/у 45Б1,,5,58 000,,Компания ТрубоТорг Мск (495) 223-44-51 доб.,,Москва,45Б1,Балка б/у,Металлопрокат
8,Балка б/у 45Б1,,,58 000,,ПКФ Сириус Мск (926) 745-05-80 доб.,,Москва,45Б1,Балка б/у,Металлопрокат
9,Балка б/у 45Б1,,,59 000,,Атон Сталь Мск (495) 20-30-400,,Москва,45Б1,Балка б/у,Металлопрокат
10,Балка б/у 45Б1,,12,73 500,,АВМ Инжиниринг Мск (495) 128-18-34,,Москва,45Б1,Балка б/у,Металлопрокат
11,Балка б/у 45Б1,,,звоните,,СтройГруппКомпани Мск (495) 055-55-03,,Москва,45Б1,Балка б/у,Металлопрокат
12,Балка б/у 45Б1,,,звоните,,СтройГруппКомпани Мск (495) 055-55-03,,Москва,45Б1,Балка б/у,Металлопрокат
0,Балка б/у 45Б2,,,55 000,,ТПО СТАЛЬРЕЗЕРВ Мск (495) 374-77-17,,Москва,45Б2,Балка б/у,Металлопрокат
1,Балка б/у 45Б2,09Г2С,,55 000,,ТД НСК-Металл Мск (499) 322-12-21,,Москва,45Б2,Балка б/у,Металлопрокат
2,Балка б/у 45Б2,,,56 000,,ПСК ТРАСТ-М Мск (499) 288-00-68,,Москва,45Б2,Балка б/у,Металлопрокат
3,Балка б/у 45Б2,ст3,6-12,57 000,,Риан Групп Мск (926) 602-83-59 доб.,,Москва,45Б2,Балка б/у,Металлопрокат
4,Балка б/у 45Б2,,4-6,58 000,,ЕМГ-Групп Мск (495) 775-74-61,,Москва,45Б2,Балка б/у,Металлопрокат
5,Балка б/у 45Б2,,6-12,58 000,,ЕМГ-Групп Мск (495) 775-74-61,,Москва,45Б2,Балка б/у,Металлопрокат
6,Балка б/у 45Б2 лежалая,09Г2С,,58 000,,ТД НСК-Металл Мск (499) 322-12-21,,Москва,45Б2,Балка б/у,Металлопрокат
7,Балка б/у 45Б2 лежалая,ст3,,58 000,,ТД НСК-Металл Мск (499) 322-12-21,,Москва,45Б2,Балка б/у,Металлопрокат
8,Балка б/у 45Б2,ст3,,58 000,,ТД НСК-Металл Мск (499) 322-12-21,,Москва,45Б2,Балка б/у,Металлопрокат
9,Балка б/у 45Б2,,5,58 000,,Компания ТрубоТорг Мск (495) 223-44-51 доб.,,Москва,45Б2,Балка б/у,Металлопрокат
10,Балка б/у 45Б2,,,58 000,,ПКФ Сириус Мск (926) 745-05-80 доб.,,Москва,45Б2,Балка б/у,Металлопрокат
11,Балка б/у 45Б2,,,59 000,,Атон Сталь Мск (495) 20-30-400,,Москва,45Б2,Балка б/у,Металлопрокат
12,Балка б/у 45Б2,,,65 000,,ТУБУС Мск (495) 188-43-21,,Москва,45Б2,Балка б/у,Металлопрокат
13,Балка б/у 45Б2,,5-12,звоните,,СТОТРУБ Мск (495) 230-04-84,,Москва,45Б2,Балка б/у,Металлопрокат
0,Балка б/у 45К1,09Г2С,,55 000,,ТД НСК-Металл Мск (499) 322-12-21,,Москва,45К1,Балка б/у,Металлопрокат
1,Балка б/у 45К1,,4-6,58 000,,ЕМГ-Групп Мск (495) 775-74-61,,Москва,45К1,Балка б/у,Металлопрокат
2,Балка б/у 45К1,,6-12,58 000,,ЕМГ-Групп Мск (495) 775-74-61,,Москва,45К1,Балка б/у,Металлопрокат
3,Балка б/у 45К1,ст3,,58 000,,ТД НСК-Металл Мск (499) 322-12-21,,Москва,45К1,Балка б/у,Металлопрокат
0,Балка б/у 45К2,,4-6,58 000,,ЕМГ-Групп Мск (495) 775-74-61,,Москва,45К2,Балка б/у,Металлопрокат
1,Балка б/у 45К2,,6-12,58 000,,ЕМГ-Групп Мск (495) 775-74-61,,Москва,45К2,Балка б/у,Металлопрокат
0,Балка б/у 45М,,,55 000,,ТПО СТАЛЬРЕЗЕРВ Мск (495) 374-77-17,,Москва,45М,Балка б/у,Металлопрокат
1,Балка б/у 45М,09Г2С,,55 000,,ТД НСК-Металл Мск (499) 322-12-21,,Москва,45М,Балка б/у,Металлопрокат
2,Балка б/у 45М,,4-6,58 000,,ЕМГ-Групп Мск (495) 775-74-61,,Москва,45М,Балка б/у,Металлопрокат
3,Балка б/у 45М,,6-12,58 000,,ЕМГ-Групп Мск (495) 775-74-61,,Москва,45М,Балка б/у,Металлопрокат
4,Балка б/у 45М,ст3,,58 000,,ТД НСК-Металл Мск (499) 322-12-21,,Москва,45М,Балка б/у,Металлопрокат
5,Балка б/у 45М,,,60 000,,ТУБУС Мск (495) 188-43-21,,Москва,45М,Балка б/у,Металлопрокат
6,Балка б/у 45М,,,75 000,,Атон Сталь Мск (495) 20-30-400,,Москва,45М,Балка б/у,Металлопрокат
7,Балка б/у 45М,,11.2-12,84 000,,Промбаза Восток Екб (343) 365-31-22,,Екатеринбург,45М,Балка б/у,Металлопрокат
8,Балка б/у 45М,,,звоните,,СтройГруппКомпани Мск (495) 055-55-03,,Москва,45М,Балка б/у,Металлопрокат
9,Балка б/у 45М,,,звоните,,СтройГруппКомпани Мск (495) 055-55-03,,Москва,45М,Балка б/у,Металлопрокат
0,Балка б/у 45Ш1,,,55 000,,ТПО СТАЛЬРЕЗЕРВ Мск (495) 374-77-17,,Москва,45Ш1,Балка б/у,Металлопрокат
1,Балка б/у 45Ш1,09Г2С,,55 000,,ТД НСК-Металл Мск (499) 322-12-21,,Москва,45Ш1,Балка б/у,Металлопрокат
2,Балка б/у 45Ш1,,4-6,58 000,,ЕМГ-Групп Мск (495) 775-74-61,,Москва,45Ш1,Балка б/у,Металлопрокат
3,Балка б/у 45Ш1,,6-12,58 000,,ЕМГ-Групп Мск (495) 775-74-61,,Москва,45Ш1,Балка б/у,Металлопрокат
4,Балка б/у 45Ш1,ст3,,58 000,,ТД НСК-Металл Мск (499) 322-12-21,,Москва,45Ш1,Балка б/у,Металлопрокат
0,Балка б/у 45Ш2,,,55 000,,ТПО СТАЛЬРЕЗЕРВ Мск (495) 374-77-17,,Москва,45Ш2,Балка б/у,Металлопрокат
1,Балка б/у 45Ш2,,4-6,58 000,,ЕМГ-Групп Мск (495) 775-74-61,,Москва,45Ш2,Балка б/у,Металлопрокат
2,Балка б/у 45Ш2,,6-12,58 000,,ЕМГ-Групп Мск (495) 775-74-61,,Москва,45Ш2,Балка б/у,Металлопрокат
0,Балка б/у 50,,,52 000,,ПКФ Сириус Мск (926) 745-05-80 доб.,,Москва,50,Балка б/у,Металлопрокат
1,Балка б/у 50,,,55 000,,Атон Сталь Мск (495) 20-30-400,,Москва,50,Балка б/у,Металлопрокат
2,Балка б/у 50,,,55 000,,ТПО СТАЛЬРЕЗЕРВ Мск (495) 374-77-17,,Москва,50,Балка б/у,Металлопрокат
3,Балка б/у 50,09Г2С,,55 000,,ТД НСК-Металл Мск (499) 322-12-21,,Москва,50,Балка б/у,Металлопрокат
4,Балка б/у 50,09Г2С,,55 000,,ТД НСК-Металл Мск (499) 322-12-21,,Москва,50,Балка б/у,Металлопрокат
5,Балка б/у 50,ст3,,55 000,,ТД НСК-Металл Мск (499) 322-12-21,,Москва,50,Балка б/у,Металлопрокат
6,Балка б/у 50,ст3,,55 000,,ТД НСК-Металл Мск (499) 322-12-21,,Москва,50,Балка б/у,Металлопрокат
7,Балка б/у 50,,,56 000,,ПСК ТРАСТ-М Мск (499) 288-00-68,,Москва,50,Балка б/у,Металлопрокат
8,Балка б/у 50,,4-6,56 000,,ЕМГ-Групп Мск (495) 775-74-61,,Москва,50,Балка б/у,Металлопрокат
9,Балка б/у 50,,6-12,56 000,,ЕМГ-Групп Мск (495) 775-74-61,,Москва,50,Балка б/у,Металлопрокат
10,Балка б/у 50,,,звоните,,СтройГруппКомпани Мск (495) 055-55-03,,Москва,50,Балка б/у,Металлопрокат
11,Балка б/у 50,,,звоните,,СтройГруппКомпани Мск (495) 055-55-03,,Москва,50,Балка б/у,Металлопрокат
12,Балка б/у 50,,н/д,звоните,,СтройГеоРесурс Мск (495) 777-36-46,,Москва,50,Балка б/у,Металлопрокат
0,Балка б/у 50Б1,,,55 000,,ТПО СТАЛЬРЕЗЕРВ Мск (495) 374-77-17,,Москва,50Б1,Балка б/у,Металлопрокат
1,Балка б/у 50Б1,09Г2С,,55 000,,ТД НСК-Металл Мск (499) 322-12-21,,Москва,50Б1,Балка б/у,Металлопрокат
2,Балка б/у 50Б1 лежалая,09Г2С,,55 000,,ТД НСК-Металл Мск (499) 322-12-21,,Москва,50Б1,Балка б/у,Металлопрокат
3,Балка б/у 50Б1,ст3,,55 000,,ТД НСК-Металл Мск (499) 322-12-21,,Москва,50Б1,Балка б/у,Металлопрокат
4,Балка б/у 50Б1 лежалая,ст3,,55 000,,ТД НСК-Металл Мск (499) 322-12-21,,Москва,50Б1,Балка б/у,Металлопрокат
5,Балка б/у 50Б1,,,56 000,,ПСК ТРАСТ-М Мск (499) 288-00-68,,Москва,50Б1,Балка б/у,Металлопрокат
6,Балка б/у 50Б1,,4-6,56 000,,ЕМГ-Групп Мск (495) 775-74-61,,Москва,50Б1,Балка б/у,Металлопрокат
7,Балка б/у 50Б1,,6-12,56 000,,ЕМГ-Групп Мск (495) 775-74-61,,Москва,50Б1,Балка б/у,Металлопрокат
8,Балка б/у 50Б1,ст3,9-12,57 000,,Риан Групп Мск (926) 602-83-59 доб.,,Москва,50Б1,Балка б/у,Металлопрокат
9,Балка б/у 50Б1,,11,58 000,,ПКФ Сириус Мск (926) 745-05-80 доб.,,Москва,50Б1,Балка б/у,Металлопрокат
10,Балка б/у 50Б1,,,59 000,,Атон Сталь Мск (495) 20-30-400,,Москва,50Б1,Балка б/у,Металлопрокат
11,Балка б/у 50Б1,,,65 000,,ТУБУС Мск (495) 188-43-21,,Москва,50Б1,Балка б/у,Металлопрокат
0,Балка б/у 50Б2,,,55 000,,ТПО СТАЛЬРЕЗЕРВ Мск (495) 374-77-17,,Москва,50Б2,Балка б/у,Металлопрокат
1,Балка б/у 50Б2,09Г2С,,55 000,,ТД НСК-Металл Мск (499) 322-12-21,,Москва,50Б2,Балка б/у,Металлопрокат
2,Балка б/у 50Б2,ст3,,55 000,,ТД НСК-Металл Мск (499) 322-12-21,,Москва,50Б2,Балка б/у,Металлопрокат
3,Балка б/у 50Б2,,4-6,56 000,,ЕМГ-Групп Мск (495) 775-74-61,,Москва,50Б2,Балка б/у,Металлопрокат
4,Балка б/у 50Б2,,6-12,56 000,,ЕМГ-Групп Мск (495) 775-74-61,,Москва,50Б2,Балка б/у,Металлопрокат
5,Балка б/у 50Б2,ст3,9-12,57 000,,Риан Групп Мск (926) 602-83-59 доб.,,Москва,50Б2,Балка б/у,Металлопрокат
6,Балка б/у 50Б2,,,58 000,,ПКФ Сириус Мск (926) 745-05-80 доб.,,Москва,50Б2,Балка б/у,Металлопрокат
7,Балка б/у 50Б2,,,65 000,,ТУБУС Мск (495) 188-43-21,,Москва,50Б2,Балка б/у,Металлопрокат
8,Балка б/у 50Б2,,,звоните,,СтройГруппКомпани Мск (495) 055-55-03,,Москва,50Б2,Балка б/у,Металлопрокат
9,Балка б/у 50Б2,,,звоните,,СтройГруппКомпани Мск (495) 055-55-03,,Москва,50Б2,Балка б/у,Металлопрокат
0,Балка б/у 50К1,09Г2С,,55 000,,ТД НСК-Металл Мск (499) 322-12-21,,Москва,50К1,Балка б/у,Металлопрокат
1,Балка б/у 50К1,ст3,,55 000,,ТД НСК-Металл Мск (499) 322-12-21,,Москва,50К1,Балка б/у,Металлопрокат
2,Балка б/у 50К1,,4-6,56 000,,ЕМГ-Групп Мск (495) 775-74-61,,Москва,50К1,Балка б/у,Металлопрокат
3,Балка б/у 50К1,,6-12,56 000,,ЕМГ-Групп Мск (495) 775-74-61,,Москва,50К1,Балка б/у,Металлопрокат
0,Балка б/у 50К2,,4-6,56 000,,ЕМГ-Групп Мск (495) 775-74-61,,Москва,50К2,Балка б/у,Металлопрокат
1,Балка б/у 50К2,,6-12,56 000,,ЕМГ-Групп Мск (495) 775-74-61,,Москва,50К2,Балка б/у,Металлопрокат
0,Балка б/у 50К3,09Г2С,,55 000,,ТД НСК-Металл Мск (499) 322-12-21,,Москва,50К3,Балка б/у,Металлопрокат
1,Балка б/у 50К3,ст3,,55 000,,ТД НСК-Металл Мск (499) 322-12-21,,Москва,50К3,Балка б/у,Металлопрокат
2,Балка б/у 50К3,,4-6,56 000,,ЕМГ-Групп Мск (495) 775-74-61,,Москва,50К3,Балка б/у,Металлопрокат
3,Балка б/у 50К3,,6-12,56 000,,ЕМГ-Групп Мск (495) 775-74-61,,Москва,50К3,Балка б/у,Металлопрокат
0,Балка б/у 50Ш1,,,54 000,,Атон Сталь Мск (495) 20-30-400,,Москва,50Ш1,Балка б/у,Металлопрокат
1,Балка б/у 50Ш1,,,55 000,,ТПО СТАЛЬРЕЗЕРВ Мск (495) 374-77-17,,Москва,50Ш1,Балка б/у,Металлопрокат
2,Балка б/у 50Ш1,09Г2С,,55 000,,ТД НСК-Металл Мск (499) 322-12-21,,Москва,50Ш1,Балка б/у,Металлопрокат
3,Балка б/у 50Ш1,ст3,,55 000,,ТД НСК-Металл Мск (499) 322-12-21,,Москва,50Ш1,Балка б/у,Металлопрокат
4,Балка б/у 50Ш1,,,55 000,,ПКФ Сириус Мск (926) 745-05-80 доб.,,Москва,50Ш1,Балка б/у,Металлопрокат
5,Балка б/у 50Ш1,,4-6,56 000,,ЕМГ-Групп Мск (495) 775-74-61,,Москва,50Ш1,Балка б/у,Металлопрокат
6,Балка б/у 50Ш1,,6-12,56 000,,ЕМГ-Групп Мск (495) 775-74-61,,Москва,50Ш1,Балка б/у,Металлопрокат
7,Балка б/у 50Ш1,,,звоните,,СтройГруппКомпани Мск (495) 055-55-03,,Москва,50Ш1,Балка б/у,Металлопрокат
8,Балка б/у 50Ш1,,,звоните,,СтройГруппКомпани Мск (495) 055-55-03,,Москва,50Ш1,Балка б/у,Металлопрокат
0,Балка б/у 50Ш2,,,55 000,,ТПО СТАЛЬРЕЗЕРВ Мск (495) 374-77-17,,Москва,50Ш2,Балка б/у,Металлопрокат
1,Балка б/у 50Ш2,09Г2С,,55 000,,ТД НСК-Металл Мск (499) 322-12-21,,Москва,50Ш2,Балка б/у,Металлопрокат
2,Балка б/у 50Ш2,ст3,,55 000,,ТД НСК-Металл Мск (499) 322-12-21,,Москва,50Ш2,Балка б/у,Металлопрокат
3,Балка б/у 50Ш2,,4-6,56 000,,ЕМГ-Групп Мск (495) 775-74-61,,Москва,50Ш2,Балка б/у,Металлопрокат
4,Балка б/у 50Ш2,,6-12,56 000,,ЕМГ-Групп Мск (495) 775-74-61,,Москва,50Ш2,Балка б/у,Металлопрокат
0,Балка б/у 50Ш3,,,55 000,,ТПО СТАЛЬРЕЗЕРВ Мск (495) 374-77-17,,Москва,50Ш3,Балка б/у,Металлопрокат
1,Балка б/у 50Ш3,09Г2С,,55 000,,ТД НСК-Металл Мск (499) 322-12-21,,Москва,50Ш3,Балка б/у,Металлопрокат
2,Балка б/у 50Ш3,ст3,,55 000,,ТД НСК-Металл Мск (499) 322-12-21,,Москва,50Ш3,Балка б/у,Металлопрокат
3,Балка б/у 50Ш3,,4-6,56 000,,ЕМГ-Групп Мск (495) 775-74-61,,Москва,50Ш3,Балка б/у,Металлопрокат
4,Балка б/у 50Ш3,,6-12,56 000,,ЕМГ-Групп Мск (495) 775-74-61,,Москва,50Ш3,Балка б/у,Металлопрокат
0,Балка б/у 55,,5-5.5,53 000,,ТД Металлстрой Мск (968) 500-16-43,,Москва,55,Балка б/у,Металлопрокат
1,Балка б/у 55,,,55 000,,ТПО СТАЛЬРЕЗЕРВ Мск (495) 374-77-17,,Москва,55,Балка б/у,Металлопрокат
2,Балка б/у 55,09Г2С,,55 000,,ТД НСК-Металл Мск (499) 322-12-21,,Москва,55,Балка б/у,Металлопрокат
3,Балка б/у 55,09Г2С,,55 000,,ТД НСК-Металл Мск (499) 322-12-21,,Москва,55,Балка б/у,Металлопрокат
4,Балка б/у 55,ст3,,55 000,,ТД НСК-Металл Мск (499) 322-12-21,,Москва,55,Балка б/у,Металлопрокат
5,Балка б/у 55,ст3,,55 000,,ТД НСК-Металл Мск (499) 322-12-21,,Москва,55,Балка б/у,Металлопрокат
6,Балка б/у 55,,4-6,56 000,,ЕМГ-Групп Мск (495) 775-74-61,,Москва,55,Балка б/у,Металлопрокат
7,Балка б/у 55,,6-12,56 000,,ЕМГ-Групп Мск (495) 775-74-61,,Москва,55,Балка б/у,Металлопрокат
8,Балка б/у 55,,,59 000,,Атон Сталь Мск (495) 20-30-400,,Москва,55,Балка б/у,Металлопрокат
9,Балка б/у 55,,,звоните,,СтройГруппКомпани Мск (495) 055-55-03,,Москва,55,Балка б/у,Металлопрокат
10,Балка б/у 55,,,звоните,,СтройГруппКомпани Мск (495) 055-55-03,,Москва,55,Балка б/у,Металлопрокат
0,Балка б/у 55Б1,,,55 000,,ТПО СТАЛЬРЕЗЕРВ Мск (495) 374-77-17,,Москва,55Б1,Балка б/у,Металлопрокат
1,Балка б/у 55Б1,09Г2С,,55 000,,ТД НСК-Металл Мск (499) 322-12-21,,Москва,55Б1,Балка б/у,Металлопрокат
2,Балка б/у 55Б1,ст3,,55 000,,ТД НСК-Металл Мск (499) 322-12-21,,Москва,55Б1,Балка б/у,Металлопрокат
3,Балка б/у 55Б1,,,56 000,,ПСК ТРАСТ-М Мск (499) 288-00-68,,Москва,55Б1,Балка б/у,Металлопрокат
4,Балка б/у 55Б1,,4-6,56 000,,ЕМГ-Групп Мск (495) 775-74-61,,Москва,55Б1,Балка б/у,Металлопрокат
5,Балка б/у 55Б1,,6-12,56 000,,ЕМГ-Групп Мск (495) 775-74-61,,Москва,55Б1,Балка б/у,Металлопрокат
6,Балка б/у 55Б1,ст3,11-12,57 000,,Риан Групп Мск (926) 602-83-59 доб.,,Москва,55Б1,Балка б/у,Металлопрокат
7,Балка б/у 55Б1,,5,58 000,,Компания ТрубоТорг Мск (495) 223-44-51 доб.,,Москва,55Б1,Балка б/у,Металлопрокат
8,Балка б/у 55Б1,,,58 000,,ПКФ Сириус Мск (926) 745-05-80 доб.,,Москва,55Б1,Балка б/у,Металлопрокат
9,Балка б/у 55Б1,,,59 000,,Атон Сталь Мск (495) 20-30-400,,Москва,55Б1,Балка б/у,Металлопрокат
10,Балка б/у 55Б1,ст3,н/д,60 000 >1т,,МСЦ НИЖЕГОРОДМЕТАЛЛ НН (831) 411-50-60,,Нижний Новгород,55Б1,Балка б/у,Металлопрокат
11,Балка б/у 55Б1,,,звоните,,СтройГруппКомпани Мск (495) 055-55-03,,Москва,55Б1,Балка б/у,Металлопрокат
12,Балка б/у 55Б1,,,звоните,,СтройГруппКомпани Мск (495) 055-55-03,,Москва,55Б1,Балка б/у,Металлопрокат
13,Балка б/у 55Б1,,5-12,звоните,,СТОТРУБ Мск (495) 230-04-84,,Москва,55Б1,Балка б/у,Металлопрокат
0,Балка б/у 55Б2,,,50 000,,ПКФ Сириус Мск (926) 745-05-80 доб.,,Москва,55Б2,Балка б/у,Металлопрокат
1,Балка б/у 55Б2,,,55 000,,ТПО СТАЛЬРЕЗЕРВ Мск (495) 374-77-17,,Москва,55Б2,Балка б/у,Металлопрокат
2,Балка б/у 55Б2,09Г2С,,55 000,,ТД НСК-Металл Мск (499) 322-12-21,,Москва,55Б2,Балка б/у,Металлопрокат
3,Балка б/у 55Б2,ст3,,55 000,,ТД НСК-Металл Мск (499) 322-12-21,,Москва,55Б2,Балка б/у,Металлопрокат
4,Балка б/у 55Б2,,,56 000,,ПСК ТРАСТ-М Мск (499) 288-00-68,,Москва,55Б2,Балка б/у,Металлопрокат
5,Балка б/у 55Б2,,4-6,56 000,,ЕМГ-Групп Мск (495) 775-74-61,,Москва,55Б2,Балка б/у,Металлопрокат
6,Балка б/у 55Б2,,6-12,56 000,,ЕМГ-Групп Мск (495) 775-74-61,,Москва,55Б2,Балка б/у,Металлопрокат
7,Балка б/у 55Б2,ст3,11-12,57 000,,Риан Групп Мск (926) 602-83-59 доб.,,Москва,55Б2,Балка б/у,Металлопрокат
8,Балка б/у 55Б2,,5,58 000,,Компания ТрубоТорг Мск (495) 223-44-51 доб.,,Москва,55Б2,Балка б/у,Металлопрокат
9,Балка б/у 55Б2,,,65 000,,ТУБУС Мск (495) 188-43-21,,Москва,55Б2,Балка б/у,Металлопрокат
10,Балка б/у 55Б2,,,звоните,,СтройГруппКомпани Мск (495) 055-55-03,,Москва,55Б2,Балка б/у,Металлопрокат
11,Балка б/у 55Б2,,,звоните,,СтройГруппКомпани Мск (495) 055-55-03,,Москва,55Б2,Балка б/у,Металлопрокат
0,Балка б/у 60,,,55 000,,ТПО СТАЛЬРЕЗЕРВ Мск (495) 374-77-17,,Москва,60,Балка б/у,Металлопрокат
1,Балка б/у 60,09Г2С,,55 000,,ТД НСК-Металл Мск (499) 322-12-21,,Москва,60,Балка б/у,Металлопрокат
2,Балка б/у 60,ст3,,55 000,,ТД НСК-Металл Мск (499) 322-12-21,,Москва,60,Балка б/у,Металлопрокат
3,Балка б/у 60,,4-6,56 000,,ЕМГ-Групп Мск (495) 775-74-61,,Москва,60,Балка б/у,Металлопрокат
4,Балка б/у 60,,6-12,56 000,,ЕМГ-Групп Мск (495) 775-74-61,,Москва,60,Балка б/у,Металлопрокат
5,Балка б/у 60,,,59 000,,Атон Сталь Мск (495) 20-30-400,,Москва,60,Балка б/у,Металлопрокат
0,Балка б/у 60Б1,,,52 000,,ПКФ Сириус Мск (926) 745-05-80 доб.,,Москва,60Б1,Балка б/у,Металлопрокат
1,Балка б/у 60Б1,,,55 000,,ТПО СТАЛЬРЕЗЕРВ Мск (495) 374-77-17,,Москва,60Б1,Балка б/у,Металлопрокат
2,Балка б/у 60Б1,09Г2С,,55 000,,ТД НСК-Металл Мск (499) 322-12-21,,Москва,60Б1,Балка б/у,Металлопрокат
3,Балка б/у 60Б1,ст3,,55 000,,ТД НСК-Металл Мск (499) 322-12-21,,Москва,60Б1,Балка б/у,Металлопрокат
4,Балка б/у 60Б1,,4-6,56 000,,ЕМГ-Групп Мск (495) 775-74-61,,Москва,60Б1,Балка б/у,Металлопрокат
5,Балка б/у 60Б1,,6-12,56 000,,ЕМГ-Групп Мск (495) 775-74-61,,Москва,60Б1,Балка б/у,Металлопрокат
6,Балка б/у 60Б1,ст3,6-12,57 000,,Риан Групп Мск (926) 602-83-59 доб.,,Москва,60Б1,Балка б/у,Металлопрокат
7,Балка б/у 60Б1,,,59 000,,Атон Сталь Мск (495) 20-30-400,,Москва,60Б1,Балка б/у,Металлопрокат
8,Балка б/у 60Б1,,5-12,звоните,,СТОТРУБ Мск (495) 230-04-84,,Москва,60Б1,Балка б/у,Металлопрокат
0,Балка б/у 60Б2,,6,48 000,,АВМ Инжиниринг Мск (495) 128-18-34,,Москва,60Б2,Балка б/у,Металлопрокат
1,Балка б/у 60Б2,,11.65-12,52 000,,ТД Металлстрой Мск (968) 500-16-43,,Москва,60Б2,Балка б/у,Металлопрокат
2,Балка б/у 60Б2,,,55 000,,ТПО СТАЛЬРЕЗЕРВ Мск (495) 374-77-17,,Москва,60Б2,Балка б/у,Металлопрокат
3,Балка б/у 60Б2,09Г2С,,55 000,,ТД НСК-Металл Мск (499) 322-12-21,,Москва,60Б2,Балка б/у,Металлопрокат
4,Балка б/у 60Б2,ст3,,55 000,,ТД НСК-Металл Мск (499) 322-12-21,,Москва,60Б2,Балка б/у,Металлопрокат
5,Балка б/у 60Б2,,4-6,56 000,,ЕМГ-Групп Мск (495) 775-74-61,,Москва,60Б2,Балка б/у,Металлопрокат
6,Балка б/у 60Б2,,6-12,56 000,,ЕМГ-Групп Мск (495) 775-74-61,,Москва,60Б2,Балка б/у,Металлопрокат
7,Балка б/у 60Б2,ст3,6-12,57 000,,Риан Групп Мск (926) 602-83-59 доб.,,Москва,60Б2,Балка б/у,Металлопрокат
0,Балка б/у 60К1,09Г2С,,55 000,,ТД НСК-Металл Мск (499) 322-12-21,,Москва,60К1,Балка б/у,Металлопрокат
1,Балка б/у 60К1,ст3,,55 000,,ТД НСК-Металл Мск (499) 322-12-21,,Москва,60К1,Балка б/у,Металлопрокат
2,Балка б/у 60К1,,4-6,56 000,,ЕМГ-Групп Мск (495) 775-74-61,,Москва,60К1,Балка б/у,Металлопрокат
3,Балка б/у 60К1,,6-12,56 000,,ЕМГ-Групп Мск (495) 775-74-61,,Москва,60К1,Балка б/у,Металлопрокат
0,Балка б/у 60Ш1,,,55 000,,ТПО СТАЛЬРЕЗЕРВ Мск (495) 374-77-17,,Москва,60Ш1,Балка б/у,Металлопрокат
1,Балка б/у 60Ш1,09Г2С,,55 000,,ТД НСК-Металл Мск (499) 322-12-21,,Москва,60Ш1,Балка б/у,Металлопрокат
2,Балка б/у 60Ш1,ст3,,55 000,,ТД НСК-Металл Мск (499) 322-12-21,,Москва,60Ш1,Балка б/у,Металлопрокат
3,Балка б/у 60Ш1,,4-6,56 000,,ЕМГ-Групп Мск (495) 775-74-61,,Москва,60Ш1,Балка б/у,Металлопрокат
4,Балка б/у 60Ш1,,6-12,56 000,,ЕМГ-Групп Мск (495) 775-74-61,,Москва,60Ш1,Балка б/у,Металлопрокат
5,Балка б/у 60Ш1,,,57 000,,ПКФ Сириус Мск (926) 745-05-80 доб.,,Москва,60Ш1,Балка б/у,Металлопрокат
6,Балка б/у 60Ш1,,,60 000,,ТУБУС Мск (495) 188-43-21,,Москва,60Ш1,Балка б/у,Металлопрокат
0,Балка б/у 60Ш2,,,55 000,,ТПО СТАЛЬРЕЗЕРВ Мск (495) 374-77-17,,Москва,60Ш2,Балка б/у,Металлопрокат
1,Балка б/у 60Ш2,09Г2С,,55 000,,ТД НСК-Металл Мск (499) 322-12-21,,Москва,60Ш2,Балка б/у,Металлопрокат
2,Балка б/у 60Ш2,ст3,,55 000,,ТД НСК-Металл Мск (499) 322-12-21,,Москва,60Ш2,Балка б/у,Металлопрокат
3,Балка б/у 60Ш2,,4-6,56 000,,ЕМГ-Групп Мск (495) 775-74-61,,Москва,60Ш2,Балка б/у,Металлопрокат
4,Балка б/у 60Ш2,,6-12,56 000,,ЕМГ-Групп Мск (495) 775-74-61,,Москва,60Ш2,Балка б/у,Металлопрокат
0,Балка б/у 60Ш3,,,55 000,,ТПО СТАЛЬРЕЗЕРВ Мск (495) 374-77-17,,Москва,60Ш3,Балка б/у,Металлопрокат
1,Балка б/у 60Ш3,,4-6,56 000,,ЕМГ-Групп Мск (495) 775-74-61,,Москва,60Ш3,Балка б/у,Металлопрокат
2,Балка б/у 60Ш3,,6-12,56 000,,ЕМГ-Групп Мск (495) 775-74-61,,Москва,60Ш3,Балка б/у,Металлопрокат
0,Балка б/у 60Ш4,09Г2С,,55 000,,ТД НСК-Металл Мск (499) 322-12-21,,Москва,60Ш4,Балка б/у,Металлопрокат
1,Балка б/у 60Ш4,ст3,,55 000,,ТД НСК-Металл Мск (499) 322-12-21,,Москва,60Ш4,Балка б/у,Металлопрокат
2,Балка б/у 60Ш4,,4-6,56 000,,ЕМГ-Групп Мск (495) 775-74-61,,Москва,60Ш4,Балка б/у,Металлопрокат
3,Балка б/у 60Ш4,,6-12,56 000,,ЕМГ-Групп Мск (495) 775-74-61,,Москва,60Ш4,Балка б/у,Металлопрокат
0,Балка б/у 61У1А,,,85 700,,Атон Сталь Мск (495) 20-30-400,,Москва,61У1А,Балка б/у,Металлопрокат
0,Балка б/у 70,09Г2С,,55 000,,ТД НСК-Металл Мск (499) 322-12-21,,Москва,70,Балка б/у,Металлопрокат
1,Балка б/у 70,ст3,,55 000,,ТД НСК-Металл Мск (499) 322-12-21,,Москва,70,Балка б/у,Металлопрокат
2,Балка б/у 70,,4-6,56 000,,ЕМГ-Групп Мск (495) 775-74-61,,Москва,70,Балка б/у,Металлопрокат
3,Балка б/у 70,,6-12,56 000,,ЕМГ-Групп Мск (495) 775-74-61,,Москва,70,Балка б/у,Металлопрокат
0,Балка б/у 70Б1,,,55 000,,ТПО СТАЛЬРЕЗЕРВ Мск (495) 374-77-17,,Москва,70Б1,Балка б/у,Металлопрокат
1,Балка б/у 70Б1,09Г2С,,55 000,,ТД НСК-Металл Мск (499) 322-12-21,,Москва,70Б1,Балка б/у,Металлопрокат
2,Балка б/у 70Б1,ст3,,55 000,,ТД НСК-Металл Мск (499) 322-12-21,,Москва,70Б1,Балка б/у,Металлопрокат
3,Балка б/у 70Б1,,4-6,56 000,,ЕМГ-Групп Мск (495) 775-74-61,,Москва,70Б1,Балка б/у,Металлопрокат
4,Балка б/у 70Б1,,6-12,56 000,,ЕМГ-Групп Мск (495) 775-74-61,,Москва,70Б1,Балка б/у,Металлопрокат
0,Балка б/у 70Б2,,,55 000,,ТПО СТАЛЬРЕЗЕРВ Мск (495) 374-77-17,,Москва,70Б2,Балка б/у,Металлопрокат
1,Балка б/у 70Б2,09Г2С,,55 000,,ТД НСК-Металл Мск (499) 322-12-21,,Москва,70Б2,Балка б/у,Металлопрокат
2,Балка б/у 70Б2,ст3,,55 000,,ТД НСК-Металл Мск (499) 322-12-21,,Москва,70Б2,Балка б/у,Металлопрокат
3,Балка б/у 70Б2,,4-6,56 000,,ЕМГ-Групп Мск (495) 775-74-61,,Москва,70Б2,Балка б/у,Металлопрокат
4,Балка б/у 70Б2,,6-12,56 000,,ЕМГ-Групп Мск (495) 775-74-61,,Москва,70Б2,Балка б/у,Металлопрокат
0,Балка б/у 70Ш1,09Г2С,,55 000,,ТД НСК-Металл Мск (499) 322-12-21,,Москва,70Ш1,Балка б/у,Металлопрокат
1,Балка б/у 70Ш1,ст3,,55 000,,ТД НСК-Металл Мск (499) 322-12-21,,Москва,70Ш1,Балка б/у,Металлопрокат
2,Балка б/у 70Ш1,,4-6,56 000,,ЕМГ-Групп Мск (495) 775-74-61,,Москва,70Ш1,Балка б/у,Металлопрокат
3,Балка б/у 70Ш1,,6-12,56 000,,ЕМГ-Групп Мск (495) 775-74-61,,Москва,70Ш1,Балка б/у,Металлопрокат
0,Балка б/у 70Ш2,,12,42 000,,Промбаза Восток Екб (343) 365-31-22,,Екатеринбург,70Ш2,Балка б/у,Металлопрокат
1,Балка б/у 70Ш2,09Г2С,,55 000,,ТД НСК-Металл Мск (499) 322-12-21,,Москва,70Ш2,Балка б/у,Металлопрокат
2,Балка б/у 70Ш2,ст3,,55 000,,ТД НСК-Металл Мск (499) 322-12-21,,Москва,70Ш2,Балка б/у,Металлопрокат
3,Балка б/у 70Ш2,,4-6,56 000,,ЕМГ-Групп Мск (495) 775-74-61,,Москва,70Ш2,Балка б/у,Металлопрокат
4,Балка б/у 70Ш2,,6-12,56 000,,ЕМГ-Групп Мск (495) 775-74-61,,Москва,70Ш2,Балка б/у,Металлопрокат
0,Балка б/у 70Ш3,09Г2С,,55 000,,ТД НСК-Металл Мск (499) 322-12-21,,Москва,70Ш3,Балка б/у,Металлопрокат
1,Балка б/у 70Ш3,ст3,,55 000,,ТД НСК-Металл Мск (499) 322-12-21,,Москва,70Ш3,Балка б/у,Металлопрокат
2,Балка б/у 70Ш3,,4-6,56 000,,ЕМГ-Групп Мск (495) 775-74-61,,Москва,70Ш3,Балка б/у,Металлопрокат
3,Балка б/у 70Ш3,,6-12,56 000,,ЕМГ-Групп Мск (495) 775-74-61,,Москва,70Ш3,Балка б/у,Металлопрокат
0,Балка б/у 75,,4-6,56 000,,ЕМГ-Групп Мск (495) 775-74-61,,Москва,75,Балка б/у,Металлопрокат
1,Балка б/у 75,,6-12,56 000,,ЕМГ-Групп Мск (495) 775-74-61,,Москва,75,Балка б/у,Металлопрокат
0,Балка б/у 80,09Г2С,,55 000,,ТД НСК-Металл Мск (499) 322-12-21,,Москва,80,Балка б/у,Металлопрокат
1,Балка б/у 80,ст3,,55 000,,ТД НСК-Металл Мск (499) 322-12-21,,Москва,80,Балка б/у,Металлопрокат
2,Балка б/у 80,,4-6,56 000,,ЕМГ-Групп Мск (495) 775-74-61,,Москва,80,Балка б/у,Металлопрокат
3,Балка б/у 80,,6-12,56 000,,ЕМГ-Групп Мск (495) 775-74-61,,Москва,80,Балка б/у,Металлопрокат
0,Балка б/у 80Б1,,,55 000,,ТПО СТАЛЬРЕЗЕРВ Мск (495) 374-77-17,,Москва,80Б1,Балка б/у,Металлопрокат
1,Балка б/у 80Б1,,4-6,56 000,,ЕМГ-Групп Мск (495) 775-74-61,,Москва,80Б1,Балка б/у,Металлопрокат
2,Балка б/у 80Б1,,6-12,56 000,,ЕМГ-Групп Мск (495) 775-74-61,,Москва,80Б1,Балка б/у,Металлопрокат
0,Балка б/у 85,,4-6,56 000,,ЕМГ-Групп Мск (495) 775-74-61,,Москва,85,Балка б/у,Металлопрокат
1,Балка б/у 85,,6-12,56 000,,ЕМГ-Групп Мск (495) 775-74-61,,Москва,85,Балка б/у,Металлопрокат
0,Балка б/у 90Б1,09Г2С,,55 000,,ТД НСК-Металл Мск (499) 322-12-21,,Москва,90Б1,Балка б/у,Металлопрокат
1,Балка б/у 90Б1,ст3,,55 000,,ТД НСК-Металл Мск (499) 322-12-21,,Москва,90Б1,Балка б/у,Металлопрокат
2,Балка б/у 90Б1,,4-6,56 000,,ЕМГ-Групп Мск (495) 775-74-61,,Москва,90Б1,Балка б/у,Металлопрокат
3,Балка б/у 90Б1,,6-12,56 000,,ЕМГ-Групп Мск (495) 775-74-61,,Москва,90Б1,Балка б/у,Металлопрокат
0,Балка б/у 100,,4-6,56 000,,ЕМГ-Групп Мск (495) 775-74-61,,Москва,100,Балка б/у,Металлопрокат
1,Балка б/у 100,,6-12,56 000,,ЕМГ-Групп Мск (495) 775-74-61,,Москва,100,Балка б/у,Металлопрокат
0,Балка б/у 100Б1,,,55 000,,ТПО СТАЛЬРЕЗЕРВ Мск (495) 374-77-17,,Москва,100Б1,Балка б/у,Металлопрокат
1,Балка б/у 100Б1,,4-6,56 000,,ЕМГ-Групп Мск (495) 775-74-61,,Москва,100Б1,Балка б/у,Металлопрокат
2,Балка б/у 100Б1,,6-12,56 000,,ЕМГ-Групп Мск (495) 775-74-61,,Москва,100Б1,Балка б/у,Металлопрокат
0,Балка б/у 100Б2,,,55 000,,ТПО СТАЛЬРЕЗЕРВ Мск (495) 374-77-17,,Москва,100Б2,Балка б/у,Металлопрокат
1,Балка б/у 100Б2,,4-6,56 000,,ЕМГ-Групп Мск (495) 775-74-61,,Москва,100Б2,Балка б/у,Металлопрокат
2,Балка б/у 100Б2,,6-12,56 000,,ЕМГ-Групп Мск (495) 775-74-61,,Москва,100Б2,Балка б/у,Металлопрокат
